run_id,model_config_id,question_id,repetition,question_text,generated_answer,sources_returned,latency_seconds,time_to_first_token_seconds,tokens_generated,tokens_per_second,peak_memory_mb,error_notes
FULL_C6_20260624_210126,C6,Q001,1,What problem does retrieval-augmented generation try to address in knowledge-intensive NLP tasks?,"Retrieval-augmented generation aims to address the challenge of knowledge-intensive natural language processing (NLP) tasks, where the models need to access and utilize large amounts of factual knowledge to perform well. Specifically, it seeks to improve the performance of such tasks by leveraging retrieval mechanisms to efficiently retrieve relevant information from external knowledge sources, thereby enhancing the models' ability to answer questions, complete facts, generate long-form text, and perform other knowledge-intensive NLP tasks.","{""files"": [""./uploads/D1_RAG_Lewis_2020.pdf""], ""detailed_sources"": [{""chunk_id"": 0, ""page"": 1, ""source"": ""./uploads/D1_RAG_Lewis_2020.pdf""}, {""chunk_id"": 148, ""page"": 17, ""source"": ""./uploads/D1_RAG_Lewis_2020.pdf""}, {""chunk_id"": 75, ""page"": 8, ""source"": ""./uploads/D1_RAG_Lewis_2020.pdf""}]}",6.2222,,94,38.871614912971,1806.32,
FULL_C6_20260624_210126,C6,Q002,1,How does RAG combine parametric memory and non-parametric memory?,"RAG combines parametric memory and non-parametric memory by leveraging two components: a retriever that returns (top-K truncated) distributions over text passages given a query, and a generator that uses the retrieved text documents as additional context when generating the target sequence.","{""files"": [""./uploads/D1_RAG_Lewis_2020.pdf""], ""detailed_sources"": [{""chunk_id"": 12, ""page"": 2, ""source"": ""./uploads/D1_RAG_Lewis_2020.pdf""}, {""chunk_id"": 84, ""page"": 9, ""source"": ""./uploads/D1_RAG_Lewis_2020.pdf""}, {""chunk_id"": 16, ""page"": 2, ""source"": ""./uploads/D1_RAG_Lewis_2020.pdf""}]}",5.0205,,53,38.733091726538525,1807.04,
FULL_C6_20260624_210126,C6,Q003,1,Why is provenance important in a question-answering system?,"In a question-answering system, provenance is crucial because it ensures that the information provided is reliable and trustworthy. This is important for several reasons:

1. **Trustworthiness**: Provenance helps verify the authenticity and accuracy of the information. It provides a way to check if the data is based on factual evidence and can be verified by external sources.

2. **Quality Assurance**: By establishing provenance, the system can ensure that the information is of high quality and meets certain standards. This helps in maintaining the integrity of the information and the overall performance of the system.

3. **User Confidence**: Users are more likely to trust information that has a provenance. This can lead to increased user engagement and satisfaction with the system.

4. **Compliance with Standards**: In many domains, there are specific standards and regulations that require information to be verified and proven. Provenance helps the system comply with these standards.

5. **Enhanced Accuracy**: By ensuring that the information is reliable, the system can provide more accurate answers, which is crucial for effective communication and decision-making.

6. **Scalability**: With provenance, the system can handle a larger volume of data and queries without compromising the quality of the answers. This is particularly important in large-scale systems where the volume of data and queries can be immense.

In summary, provenance is essential for a question-answering system because it ensures the reliability, trustworthiness, and accuracy of the information provided. This, in turn, enhances the overall performance and user satisfaction of the system.","{""files"": [""./uploads/D1_RAG_Lewis_2020.pdf""], ""detailed_sources"": [{""chunk_id"": 92, ""page"": 10, ""source"": ""./uploads/D1_RAG_Lewis_2020.pdf""}, {""chunk_id"": 75, ""page"": 8, ""source"": ""./uploads/D1_RAG_Lewis_2020.pdf""}, {""chunk_id"": 41, ""page"": 5, ""source"": ""./uploads/D1_RAG_Lewis_2020.pdf""}]}",12.1049,,319,38.97132797548838,1812.36,
FULL_C6_20260624_210126,C6,Q004,1,What is the role of the retriever in a RAG pipeline?,"In a RAG pipeline, the retriever plays a crucial role in selecting relevant information for the task. It helps in identifying the most pertinent documents that are essential for generating an accurate response. By using retrieval supervision on datasets like Natural Questions and TriviaQA, the retriever improves the performance of the RAG system.","{""files"": [""./uploads/D1_RAG_Lewis_2020.pdf""], ""detailed_sources"": [{""chunk_id"": 46, ""page"": 5, ""source"": ""./uploads/D1_RAG_Lewis_2020.pdf""}, {""chunk_id"": 65, ""page"": 7, ""source"": ""./uploads/D1_RAG_Lewis_2020.pdf""}, {""chunk_id"": 21, ""page"": 3, ""source"": ""./uploads/D1_RAG_Lewis_2020.pdf""}]}",5.7685,,65,36.29239160718902,1812.91,
FULL_C6_20260624_210126,C6,Q005,1,How can retrieval help a model access knowledge that is not stored in its parameters?,"Retrieval can help a model access knowledge that is not stored in its parameters by allowing it to retrieve text documents as additional context when generating the target sequence. This is done through a retriever component that returns distributions over text passages given a query, which can be used to update the model's knowledge as the world changes.","{""files"": [""./uploads/D1_RAG_Lewis_2020.pdf""], ""detailed_sources"": [{""chunk_id"": 16, ""page"": 2, ""source"": ""./uploads/D1_RAG_Lewis_2020.pdf""}, {""chunk_id"": 5, ""page"": 1, ""source"": ""./uploads/D1_RAG_Lewis_2020.pdf""}, {""chunk_id"": 163, ""page"": 18, ""source"": ""./uploads/D1_RAG_Lewis_2020.pdf""}]}",5.4448,,66,39.638306459362326,1813.19,
