model_config_id,blind_model_code,question_id,repetition,observed_llama_server_rss_mb,latency_seconds,tokens_per_second,tokens_generated
C1,F3,Q001,1,553.81,4.9454,99.32604091868387,218
C1,F3,Q002,1,554.43,3.4134,92.33153616593296,56
C1,F3,Q003,1,557.26,7.806,99.5879272875347,495
C1,F3,Q004,1,557.7,3.3871,101.02932039259994,60
C1,F3,Q005,1,557.94,3.3994,116.79553671780845,69
C1,F3,Q006,1,558.13,4.6066,110.34974146231893,197
C1,F3,Q007,1,558.46,3.2907,116.49952742530407,62
C1,F3,Q008,1,558.7,6.6792,108.30204822380773,420
C1,F3,Q009,1,559.1,3.9065,92.20639044524839,102
C1,F3,Q010,1,559.27,4.0501,100.24743242235098,129
C1,F3,Q011,1,559.66,3.0266,107.1828255284271,34
C1,F3,Q012,1,559.7,3.4229,106.36465098162589,71
C1,F3,Q013,1,559.91,3.671,90.13347479996807,70
C1,F3,Q014,1,560.3,3.8283,105.07406711403972,104
C1,F3,Q015,1,560.5,3.5306,102.51918939541504,70
C1,F3,Q016,1,560.85,4.1273,106.51729627856972,150
C1,F3,Q017,1,561.06,5.0492,98.42854044411307,226
C1,F3,Q018,1,561.3,3.0614,99.70462504829443,32
C1,F3,Q019,1,566.84,6.148,100.33292006460822,325
C1,F3,Q020,1,567.18,8.0029,96.28184705440546,512
C1,F3,Q021,1,567.52,3.1969,112.16361496982162,53
C1,F3,Q022,1,567.72,4.5268,92.37088008005476,168
C1,F3,Q023,1,567.93,3.6036,107.95378199997013,94
C1,F3,Q024,1,568.09,3.7834,110.49967955092929,115
C1,F3,Q025,1,568.29,3.5607,105.26825254700772,87
C1,F3,Q026,1,568.45,3.792,111.32820110326247,120
C1,F3,Q027,1,568.56,3.4321,119.50959854390602,87
C1,F3,Q028,1,568.62,3.3749,106.23334220852395,79
C1,F3,Q029,1,568.71,3.7919,97.38601242866015,106
C1,F3,Q030,1,568.87,3.6262,99.23413301343189,90
C1,F3,Q031,1,569.07,6.2659,102.8303636149087,366
C1,F3,Q032,1,569.35,3.7376,95.97132578830343,95
C1,F3,Q033,1,569.44,4.1115,101.75656415205026,149
C1,F3,Q034,1,569.52,3.9778,113.2307341469054,143
C1,F3,Q035,1,569.6,8.2428,94.57173044101458,512
C1,F3,Q036,1,569.88,3.7672,112.24037398492612,120
C1,F3,Q037,1,570.01,6.4605,105.1246090510132,390
C1,F3,Q038,1,570.15,7.3042,95.26757738206068,417
C1,F3,Q039,1,570.26,4.724,102.73304644178882,207
C1,F3,Q040,1,570.34,3.5355,104.12173318062146,77
C1,F3,Q001,2,570.34,4.8991,105.69799464722081,218
C1,F3,Q002,2,570.34,3.3058,110.0053824062106,56
C1,F3,Q003,2,570.34,7.527,105.87703078027094,495
C1,F3,Q004,2,570.34,3.3059,116.38711129129561,60
C1,F3,Q005,2,570.34,3.5491,94.24388404997384,69
C1,F3,Q006,2,570.34,5.0393,88.4286013108979,197
C1,F3,Q007,2,570.3,3.3097,103.8691249026227,62
C1,F3,Q008,2,570.3,7.3481,92.45810437111098,420
C1,F3,Q009,2,570.3,3.8383,95.82044376138455,102
C1,F3,Q010,2,570.3,3.9849,102.79334950934106,129
C1,F3,Q011,2,570.3,3.1043,104.26473429359109,34
C1,F3,Q012,2,570.3,3.5878,92.73275595220215,71
C1,F3,Q013,2,570.3,3.3354,131.8543047605055,70
C1,F3,Q014,2,570.3,3.8961,95.68259873938176,104
C1,F3,Q015,2,570.3,3.5149,107.18573143543132,70
C1,F3,Q016,2,570.3,4.5211,88.57667905952825,150
C1,F3,Q017,2,570.3,4.9796,104.2760084435883,226
C1,F3,Q018,2,570.3,3.0041,106.1986844637962,32
C1,F3,Q019,2,570.3,6.0734,106.79203942564942,325
C1,F3,Q020,2,570.3,7.5029,105.70342221022966,512
C1,F3,Q021,2,570.3,3.3631,99.68889540942041,53
C1,F3,Q022,2,570.3,4.1953,112.66759304465393,168
C1,F3,Q023,2,570.3,3.7343,95.15749577865151,94
C1,F3,Q024,2,570.3,3.7833,107.51853759829764,115
C1,F3,Q025,2,570.3,3.5703,107.88837645354785,87
C1,F3,Q026,2,570.3,3.8442,104.5535693281649,120
C1,F3,Q027,2,570.3,3.5445,95.33180948540547,87
C1,F3,Q028,2,570.3,3.4118,109.7068327915112,79
C1,F3,Q029,2,570.3,3.69,104.95371640119647,106
C1,F3,Q030,2,570.3,3.6109,102.14516189440687,90
C1,F3,Q031,2,570.3,6.1493,107.38579549988968,366
C1,F3,Q032,2,570.35,3.6861,100.45468964787987,95
C1,F3,Q033,2,570.35,4.1049,108.96209581644054,149
C1,F3,Q034,2,570.4,4.2172,98.20012223511719,143
C1,F3,Q035,2,570.4,7.4512,108.76640205840415,512
C1,F3,Q036,2,570.42,3.8628,99.63922298012612,120
C1,F3,Q037,2,570.42,6.3756,105.88388610151821,390
C1,F3,Q038,2,570.42,6.79,105.85147996614785,417
C1,F3,Q039,2,570.4,4.7547,102.58606078447114,207
C1,F3,Q040,2,570.4,3.495,111.70412623436685,77
C1,F3,Q001,3,570.42,4.9665,102.10973705337528,218
C1,F3,Q002,3,570.42,3.3004,103.79577439988435,56
C1,F3,Q003,3,570.42,7.7421,102.30830265978851,495
C1,F3,Q004,3,570.42,3.4993,85.3121000995308,60
C1,F3,Q005,3,570.42,3.4327,105.58627929254132,69
C1,F3,Q006,3,570.42,4.502,112.31054721461291,197
C1,F3,Q007,3,570.42,3.2912,121.79789407512179,62
C1,F3,Q008,3,570.44,7.1463,95.5355987250092,420
C1,F3,Q009,3,570.46,3.8215,96.86250936574999,102
C1,F3,Q010,3,570.46,4.0341,106.41264017184405,129
C1,F3,Q011,3,570.46,3.0946,105.81417785495988,34
C1,F3,Q012,3,570.46,3.3532,114.58672924285607,71
C1,F3,Q013,3,570.46,3.4768,111.32049967001423,70
C1,F3,Q014,3,570.46,3.8102,106.59713253713475,104
C1,F3,Q015,3,570.46,3.5387,100.62285547539268,70
C1,F3,Q016,3,570.46,4.1458,105.3306434227684,150
C1,F3,Q017,3,570.46,5.1043,99.60054013461058,226
C1,F3,Q018,3,570.47,3.0931,98.1751690453692,32
C1,F3,Q019,3,570.47,6.4644,93.0320697288244,325
C1,F3,Q020,3,570.48,8.3786,89.50665574638849,512
C1,F3,Q021,3,570.48,3.215,108.09399690810378,53
C1,F3,Q022,3,570.48,4.3087,103.21058645729661,168
C1,F3,Q023,3,570.48,3.592,106.76079788931632,94
C1,F3,Q024,3,570.48,3.8177,103.84778623610471,115
C1,F3,Q025,3,570.48,3.7102,89.85737465670867,87
C1,F3,Q026,3,570.48,3.9189,99.82704963650477,120
C1,F3,Q027,3,570.48,3.4578,102.599421197748,87
C1,F3,Q028,3,570.48,3.3257,122.2329326465596,79
C1,F3,Q029,3,570.48,3.7566,99.30402865202275,106
C1,F3,Q030,3,570.48,3.6289,98.90403341637611,90
C1,F3,Q031,3,570.48,6.2567,102.93079984824737,366
C1,F3,Q032,3,570.48,3.5386,119.3773278578932,95
C1,F3,Q033,3,570.48,4.1256,105.2471719237276,149
C1,F3,Q034,3,570.48,4.2017,93.13885766168059,143
C1,F3,Q035,3,570.48,7.779,101.62740811800529,512
C1,F3,Q036,3,570.48,3.7706,114.04730111813875,120
C1,F3,Q037,3,570.48,6.7412,95.64747577727677,390
C1,F3,Q038,3,570.48,6.9347,101.5952649297531,417
C1,F3,Q039,3,570.48,4.5744,109.32823346172799,207
C1,F3,Q040,3,570.48,3.6996,89.4944031130105,77
C2,T2,Q001,1,1469.84,4.0691,73.07473877766614,92
C2,T2,Q002,1,1469.87,5.2573,75.13657297190464,184
C2,T2,Q003,1,1471.9,10.7447,64.86186829037544,512
C2,T2,Q004,1,1471.94,6.1371,72.2651449976245,242
C2,T2,Q005,1,1472.05,5.945,73.55430459704768,229
C2,T2,Q006,1,1472.06,7.2193,73.27112767242127,320
C2,T2,Q007,1,1472.08,4.2786,77.08574090175945,118
C2,T2,Q008,1,1472.1,5.9424,64.43585299737813,203
C2,T2,Q009,1,1472.21,8.1613,73.21255187286278,393
C2,T2,Q010,1,1472.32,6.2327,73.94509192410158,250
C2,T2,Q011,1,1472.34,3.2084,76.41393880142489,34
C2,T2,Q012,1,1472.36,6.1958,70.79829038286012,241
C2,T2,Q013,1,1472.38,3.105,83.7989890794681,22
C2,T2,Q014,1,1472.39,7.3378,72.79159565206422,326
C2,T2,Q015,1,1472.41,6.5691,67.54627532678916,248
C2,T2,Q016,1,1472.43,6.0077,75.1217881202281,244
C2,T2,Q017,1,1472.45,9.0556,72.96601201281496,453
C2,T2,Q018,1,1472.47,7.4345,72.91177460826005,340
C2,T2,Q019,1,1480.04,7.4874,73.11938172562185,329
C2,T2,Q020,1,1480.1,5.0307,73.80347712497488,173
C2,T2,Q021,1,1480.12,8.2159,75.16722883969531,412
C2,T2,Q022,1,1480.14,8.8818,80.64681632663532,503
C2,T2,Q023,1,1480.14,7.6124,68.23323918916849,334
C2,T2,Q024,1,1480.15,6.663,80.65160428429412,319
C2,T2,Q025,1,1480.15,7.9235,78.89686212568797,405
C2,T2,Q026,1,1480.15,7.5687,75.62087236071699,363
C2,T2,Q027,1,1480.15,6.4744,80.60231137733442,304
C2,T2,Q028,1,1480.15,7.1023,77.09649170146969,340
C2,T2,Q029,1,1480.27,6.7671,72.60319621419863,295
C2,T2,Q030,1,1480.27,9.1818,78.79212897409724,512
C2,T2,Q031,1,1480.29,8.4021,75.01211870313954,424
C2,T2,Q032,1,1480.29,6.3568,80.51104385084322,288
C2,T2,Q033,1,1480.29,7.9081,80.77733303006406,418
C2,T2,Q034,1,1480.33,9.2268,79.29390020831684,512
C2,T2,Q035,1,1480.33,9.2899,78.12947060416818,512
C2,T2,Q036,1,1480.33,8.3024,74.60249513066287,416
C2,T2,Q037,1,1480.33,6.7549,79.62429203618602,322
C2,T2,Q038,1,1480.34,9.305,79.81125884334467,512
C2,T2,Q039,1,1480.37,7.9007,80.64000516096033,420
C2,T2,Q040,1,1480.37,5.3374,80.90550396556534,203
C2,T2,Q001,2,1480.4,3.9677,80.6000145430461,92
C2,T2,Q002,2,1480.4,5.093,80.90440572855955,184
C2,T2,Q003,2,1480.41,9.3396,78.87600460993274,512
C2,T2,Q004,2,1480.41,5.8449,80.12839084642401,242
C2,T2,Q005,2,1480.42,5.6435,80.75000890365818,229
C2,T2,Q006,2,1480.42,6.829,79.56199134713617,320
C2,T2,Q007,2,1480.42,4.2861,79.46315233018962,118
C2,T2,Q008,2,1480.42,5.3735,78.85246742188944,203
C2,T2,Q009,2,1480.42,8.2304,72.4985910738185,393
C2,T2,Q010,2,1480.42,5.9118,80.90240484016435,250
C2,T2,Q011,2,1480.41,3.2188,72.67146725829791,34
C2,T2,Q012,2,1480.42,5.7806,80.4674726101745,241
C2,T2,Q013,2,1480.42,3.1099,81.52919115630628,22
C2,T2,Q014,2,1480.45,8.034,63.1084960877572,326
C2,T2,Q015,2,1480.46,6.2341,74.66787098716647,248
C2,T2,Q016,2,1480.46,5.8101,80.2174023106557,244
C2,T2,Q017,2,1480.48,8.8261,75.73608199024393,453
C2,T2,Q018,2,1480.48,6.9736,80.32063999485949,340
C2,T2,Q019,2,1480.48,7.0884,79.94360695349008,329
C2,T2,Q020,2,1480.48,4.8357,81.16151986909068,173
C2,T2,Q021,2,1480.48,7.9544,79.8144585053929,412
C2,T2,Q022,2,1480.48,8.9391,79.86548302739402,503
C2,T2,Q023,2,1480.48,6.9048,80.05982914177781,334
C2,T2,Q024,2,1480.46,7.1162,72.30462960423529,319
C2,T2,Q025,2,1480.46,8.3699,72.01225168441992,405
C2,T2,Q026,2,1480.46,7.191,81.27141630555364,363
C2,T2,Q027,2,1480.46,6.4191,81.18751699195977,304
C2,T2,Q028,2,1480.46,7.1179,78.12451531206032,340
C2,T2,Q029,2,1480.46,6.8135,72.00047837605973,295
C2,T2,Q030,2,1480.46,10.1129,69.25383858336946,512
C2,T2,Q031,2,1480.46,7.981,80.80021175753609,424
C2,T2,Q032,2,1480.46,6.7681,71.68424880507584,288
C2,T2,Q033,2,1480.46,9.1783,64.76425038169074,418
C2,T2,Q034,2,1480.46,10.0549,70.07250040305374,512
C2,T2,Q035,2,1480.46,10.1692,69.04319083106425,512
C2,T2,Q036,2,1480.46,8.5594,71.09452238922029,416
C2,T2,Q037,2,1480.46,6.6331,81.79445865404425,322
C2,T2,Q038,2,1480.46,10.1205,69.81193047713455,512
C2,T2,Q039,2,1480.46,7.9089,80.67180405202949,420
C2,T2,Q040,2,1480.46,6.1645,61.97672789132885,203
C2,T2,Q001,3,1480.46,3.9583,80.5774248330865,92
C2,T2,Q002,3,1480.46,5.151,78.04249074305783,184
C2,T2,Q003,3,1480.46,10.9204,63.607541469135434,512
C2,T2,Q004,3,1480.46,6.2113,71.2414469785531,242
C2,T2,Q005,3,1480.46,5.7027,80.53358954033959,229
C2,T2,Q006,3,1480.46,7.1677,74.31848210074196,320
C2,T2,Q007,3,1480.46,4.2305,79.37047109065117,118
C2,T2,Q008,3,1480.46,5.3288,80.16643024809734,203
C2,T2,Q009,3,1480.46,7.9745,75.71981510492782,393
C2,T2,Q010,3,1480.46,6.4307,69.14789600930897,250
C2,T2,Q011,3,1480.46,3.2163,76.86256069881632,34
C2,T2,Q012,3,1480.46,6.028,74.77920740866465,241
C2,T2,Q013,3,1480.46,3.1042,82.80513692958552,22
C2,T2,Q014,3,1480.46,6.9759,79.6414084509795,326
C2,T2,Q015,3,1480.46,6.3143,72.88550480706354,248
C2,T2,Q016,3,1480.48,5.8588,79.45046328737364,244
C2,T2,Q017,3,1480.48,8.7441,76.19866556456147,453
C2,T2,Q018,3,1480.49,7.2727,75.5405145997597,340
C2,T2,Q019,3,1480.49,7.1533,79.83299616631761,329
C2,T2,Q020,3,1480.49,4.7963,81.72319738939261,173
C2,T2,Q021,3,1480.53,8.2228,76.24038667939807,412
C2,T2,Q022,3,1480.53,9.2914,76.68994605479779,503
C2,T2,Q023,3,1480.53,6.8943,80.7051016256037,334
C2,T2,Q024,3,1480.56,7.2378,70.15895511982225,319
C2,T2,Q025,3,1480.56,7.7911,80.13028194581649,405
C2,T2,Q026,3,1480.56,8.803,59.88252138078207,363
C2,T2,Q027,3,1480.56,6.4413,81.50509889464072,304
C2,T2,Q028,3,1480.56,7.4882,71.67399462993136,340
C2,T2,Q029,3,1480.56,6.7998,72.01592845864431,295
C2,T2,Q030,3,1480.56,9.7995,72.35182431168262,512
C2,T2,Q031,3,1480.56,8.2618,76.53331518675483,424
C2,T2,Q032,3,1480.56,6.4251,77.95818842494141,288
C2,T2,Q033,3,1480.56,7.9783,79.82723705328259,418
C2,T2,Q034,3,1480.56,9.4105,77.24780552864958,512
C2,T2,Q035,3,1480.56,9.1893,79.71125842125313,512
C2,T2,Q036,3,1480.56,8.0775,77.02856389500859,416
C2,T2,Q037,3,1480.56,6.8039,78.78003488830116,322
C2,T2,Q038,3,1480.56,9.3724,78.89573097048837,512
C2,T2,Q039,3,1480.56,7.9653,80.15086683162478,420
C2,T2,Q040,3,1480.56,5.3281,80.82996044110064,203
C3,A7,Q001,1,998.13,3.8219,77.64665688789376,55
C3,A7,Q002,1,998.22,7.4561,62.890954123887006,277
C3,A7,Q003,1,999.59,6.8901,70.0705691481979,260
C3,A7,Q004,1,999.63,6.1425,58.34324628304902,180
C3,A7,Q005,1,999.67,7.1459,64.97860647325278,263
C3,A7,Q006,1,999.69,6.2069,65.58196690707977,202
C3,A7,Q007,1,999.71,3.9241,77.24330353224265,66
C3,A7,Q008,1,999.73,4.2382,74.91465391607643,86
C3,A7,Q009,1,999.82,4.3614,73.31835993362147,101
C3,A7,Q010,1,999.88,4.8322,67.69282928152879,119
C3,A7,Q011,1,999.95,8.3163,65.01541656361304,337
C3,A7,Q012,1,1000.07,8.176,67.01380601972086,342
C3,A7,Q013,1,1000.11,6.2754,67.8870818098368,207
C3,A7,Q014,1,1000.13,5.6616,75.24832938807663,190
C3,A7,Q015,1,1000.45,4.6959,73.8367233212594,106
C3,A7,Q016,1,1000.47,6.2342,66.58709405209227,214
C3,A7,Q017,1,1000.49,8.3655,65.23041837040722,343
C3,A7,Q018,1,1000.58,3.6035,78.63539284669558,50
C3,A7,Q019,1,1000.88,4.7758,74.3635780993896,97
C3,A7,Q020,1,1000.89,9.5738,64.4794723910278,425
C3,A7,Q021,1,1000.91,4.0681,76.62961608562341,79
C3,A7,Q022,1,1000.93,4.3844,77.47200822806157,116
C3,A7,Q023,1,1000.93,6.2948,65.89437647674005,217
C3,A7,Q024,1,1000.96,7.9575,64.5902753758546,324
C3,A7,Q025,1,1000.96,7.1281,73.1953024025395,304
C3,A7,Q026,1,1001.07,11.8207,57.64987242987544,510
C3,A7,Q027,1,1001.07,8.525,62.405531168523005,349
C3,A7,Q028,1,1001.07,4.9535,66.25254673793381,133
C3,A7,Q029,1,1001.07,5.9066,65.42302528146999,195
C3,A7,Q030,1,1001.19,5.2963,65.16272246424839,152
C3,A7,Q031,1,1001.19,9.6573,56.94776992682435,381
C3,A7,Q032,1,1001.19,7.7306,66.87108490029607,314
C3,A7,Q033,1,1001.18,9.4127,59.43688197831947,384
C3,A7,Q034,1,1001.19,10.9709,64.40546460240444,512
C3,A7,Q035,1,1001.19,7.9541,66.25229850765682,326
C3,A7,Q036,1,1001.19,7.5695,67.8298418028916,318
C3,A7,Q037,1,1001.19,9.5723,64.24121073668758,428
C3,A7,Q038,1,1001.17,8.5902,58.81683015497673,314
C3,A7,Q039,1,1001.21,8.4121,62.59030821387939,339
C3,A7,Q040,1,1001.21,6.9867,65.0733321350744,248
C3,A7,Q001,2,1001.21,4.076,58.59972234386103,55
C3,A7,Q002,2,1001.21,6.935,71.99702862804594,277
C3,A7,Q003,2,1001.22,7.2557,64.48646205939005,260
C3,A7,Q004,2,1001.25,5.4131,76.69567751683256,180
C3,A7,Q005,2,1001.25,7.2303,63.168371812399066,263
C3,A7,Q006,2,1001.25,6.1976,65.8444799019504,202
C3,A7,Q007,2,1001.25,3.9364,73.33496299917776,66
C3,A7,Q008,2,1001.25,4.3339,69.15401322449884,86
C3,A7,Q009,2,1001.25,4.579,69.99049930945016,101
C3,A7,Q010,2,1001.25,5.0166,64.62888357133781,119
C3,A7,Q011,2,1001.25,8.4826,61.68941120477406,337
C3,A7,Q012,2,1001.28,8.1575,67.40832910717273,342
C3,A7,Q013,2,1001.28,5.992,73.54187250397285,207
C3,A7,Q014,2,1001.29,5.7103,74.94888683152003,190
C3,A7,Q015,2,1001.29,4.7774,69.07760543132447,106
C3,A7,Q016,2,1001.29,6.3254,65.80575923394717,214
C3,A7,Q017,2,1001.29,7.9791,70.99024142891145,343
C3,A7,Q018,2,1001.32,3.62,77.84124433899551,50
C3,A7,Q019,2,1001.32,5.0667,64.11989494913706,97
C3,A7,Q020,2,1001.36,9.7022,62.79295684646383,425
C3,A7,Q021,2,1001.36,4.0579,77.38353533048156,79
C3,A7,Q022,2,1001.36,4.7164,67.48580471004375,116
C3,A7,Q023,2,1001.36,6.4871,61.44666401247283,217
C3,A7,Q024,2,1001.36,7.9377,65.15251419329424,324
C3,A7,Q025,2,1001.34,7.124,74.0649783749754,304
C3,A7,Q026,2,1001.34,10.9661,63.875811395018914,510
C3,A7,Q027,2,1001.34,9.3193,54.49337710291347,349
C3,A7,Q028,2,1001.34,4.9048,73.08499455159608,133
C3,A7,Q029,2,1001.34,5.8249,66.69186136985084,195
C3,A7,Q030,2,1001.34,5.6342,56.71421706023349,152
C3,A7,Q031,2,1001.34,9.0571,62.9483417159817,381
C3,A7,Q032,2,1001.34,7.5977,68.73267455034821,314
C3,A7,Q033,2,1001.34,9.1537,62.80074647845632,384
C3,A7,Q034,2,1001.34,9.835,74.90117287629575,512
C3,A7,Q035,2,1001.35,7.9994,64.94811820796586,326
C3,A7,Q036,2,1001.35,8.0143,62.88743505092497,318
C3,A7,Q037,2,1001.35,9.2893,67.81445268587221,428
C3,A7,Q038,2,1001.35,8.0722,64.44851569321357,314
C3,A7,Q039,2,1001.35,8.3821,61.99236890396943,339
C3,A7,Q040,2,1001.35,6.7804,69.85065479355752,248
C3,A7,Q001,3,1001.35,3.8144,75.65420252217356,55
C3,A7,Q002,3,1001.35,7.5084,62.39164519560681,277
C3,A7,Q003,3,1001.35,7.637,58.67132908161768,260
C3,A7,Q004,3,1001.35,5.6052,69.8529982459136,180
C3,A7,Q005,3,1001.35,7.2325,63.84930205186894,263
C3,A7,Q006,3,1001.35,6.3668,64.45879343988182,202
C3,A7,Q007,3,1001.35,3.9763,71.19226549968882,66
C3,A7,Q008,3,1001.35,4.2607,74.93025387415551,86
C3,A7,Q009,3,1001.35,4.5404,67.06627542459262,101
C3,A7,Q010,3,1001.35,4.8842,65.65256442226847,119
C3,A7,Q011,3,1001.35,8.4107,62.68402970888197,337
C3,A7,Q012,3,1001.35,8.0465,68.46764603428187,342
C3,A7,Q013,3,1001.35,6.4502,64.07298005287414,207
C3,A7,Q014,3,1001.35,5.6681,76.33198306072772,190
C3,A7,Q015,3,1001.35,4.804,68.12904154650353,106
C3,A7,Q016,3,1001.35,6.3841,64.33880453690793,214
C3,A7,Q017,3,1001.35,8.7022,61.515902488506576,343
C3,A7,Q018,3,1001.35,4.228,53.26305450834472,50
C3,A7,Q019,3,1001.35,4.7484,75.25721286075941,97
C3,A7,Q020,3,1001.35,10.3896,56.65843986119882,425
C3,A7,Q021,3,1001.38,4.3103,64.0210053729021,79
C3,A7,Q022,3,1001.38,4.5227,70.87228508743257,116
C3,A7,Q023,3,1001.38,6.3742,63.25359590862915,217
C3,A7,Q024,3,1001.38,7.4425,71.95452474036409,324
C3,A7,Q025,3,1001.38,7.6739,64.74303192470386,304
C3,A7,Q026,3,1001.38,11.5404,59.59630166385863,510
C3,A7,Q027,3,1001.39,8.3374,63.850114326465444,349
C3,A7,Q028,3,1001.39,4.6801,76.6580325514214,133
C3,A7,Q029,3,1001.41,5.8847,65.59686588266638,195
C3,A7,Q030,3,1001.41,5.1967,67.0701465482702,152
C3,A7,Q031,3,1001.41,8.9671,63.137297272932756,381
C3,A7,Q032,3,1001.41,7.6532,67.71680916669938,314
C3,A7,Q033,3,1001.41,8.911,64.67744231033214,384
C3,A7,Q034,3,1001.41,11.1773,62.50106813348861,512
C3,A7,Q035,3,1001.41,7.841,66.8392869847301,326
C3,A7,Q036,3,1001.41,7.6457,67.48736681060434,318
C3,A7,Q037,3,1001.41,9.0758,70.6973283843001,428
C3,A7,Q038,3,1001.41,7.4236,74.59805546151607,314
C3,A7,Q039,3,1001.41,8.0017,67.07823815742609,339
C3,A7,Q040,3,1001.41,6.424,75.10008297347876,248
C4,K8,Q001,1,886.65,5.0129,83.52130563348244,141
C4,K8,Q002,1,887.19,4.5307,71.93784570131407,90
C4,K8,Q003,1,892.15,7.7056,84.54697339255648,364
C4,K8,Q004,1,892.59,6.0772,86.47092922087558,243
C4,K8,Q005,1,892.89,7.1397,65.32421375050505,243
C4,K8,Q006,1,893.0,4.6542,79.49137747856408,104
C4,K8,Q007,1,893.39,5.2013,85.72583245906591,168
C4,K8,Q008,1,893.56,6.1688,71.40849725766624,202
C4,K8,Q009,1,893.93,4.6699,87.03087938487128,126
C4,K8,Q010,1,894.14,5.4042,85.63590846853499,180
C4,K8,Q011,1,894.52,4.4046,83.9864929957735,102
C4,K8,Q012,1,894.56,4.9238,87.09670712636496,155
C4,K8,Q013,1,894.76,9.3688,84.47070442133196,512
C4,K8,Q014,1,895.14,6.7935,81.87070779703407,281
C4,K8,Q015,1,895.29,5.0259,86.64411856628739,140
C4,K8,Q016,1,895.62,9.2068,84.35552625079721,512
C4,K8,Q017,1,895.82,4.9383,75.21873056467251,123
C4,K8,Q018,1,896.06,6.2005,79.64917801395427,244
C4,K8,Q019,1,905.78,4.3979,88.29821249633763,66
C4,K8,Q020,1,905.96,9.7608,76.02851960444382,512
C4,K8,Q021,1,906.3,4.7247,87.52869738589865,131
C4,K8,Q022,1,906.45,5.6231,84.40278698002608,220
C4,K8,Q023,1,906.61,5.1154,86.61567596928813,177
C4,K8,Q024,1,906.84,9.2168,83.73850558169477,512
C4,K8,Q025,1,907.05,9.1653,85.20407874587585,512
C4,K8,Q026,1,907.21,4.8351,66.13541888370628,110
C4,K8,Q027,1,907.31,4.6574,84.21508532792753,140
C4,K8,Q028,1,907.36,6.3822,84.70414402028496,277
C4,K8,Q029,1,907.45,4.6076,74.61231842655393,111
C4,K8,Q030,1,907.58,5.8229,85.40205087439809,237
C4,K8,Q031,1,907.81,9.0927,85.35373287549058,512
C4,K8,Q032,1,908.01,7.6447,74.82877548473675,331
C4,K8,Q033,1,908.08,9.2444,83.85295140279274,512
C4,K8,Q034,1,908.15,6.3162,86.95861443801792,271
C4,K8,Q035,1,908.23,6.043,81.71541429715049,236
C4,K8,Q036,1,908.3,4.9747,84.94612252607608,161
C4,K8,Q037,1,908.43,4.2573,87.57577255271238,101
C4,K8,Q038,1,908.52,5.5679,71.9001241911236,154
C4,K8,Q039,1,908.61,4.9223,86.09533298317622,159
C4,K8,Q040,1,908.66,9.4471,84.0688122932248,512
C4,K8,Q001,2,908.66,5.2123,77.88364183909239,141
C4,K8,Q002,2,908.66,4.3359,83.34529492658667,90
C4,K8,Q003,2,908.67,7.7053,85.19675887187321,364
C4,K8,Q004,2,908.68,6.5374,75.90564335030642,243
C4,K8,Q005,2,908.68,6.107,85.67895636684555,243
C4,K8,Q006,2,908.68,4.488,87.13516339518813,104
C4,K8,Q007,2,908.71,5.5424,71.76533759824481,168
C4,K8,Q008,2,908.71,5.8339,78.59894654065414,202
C4,K8,Q009,2,908.71,4.6767,85.93174564203291,126
C4,K8,Q010,2,908.71,5.421,84.28430218919111,180
C4,K8,Q011,2,908.71,4.3398,86.6060367803951,102
C4,K8,Q012,2,908.71,5.2038,77.05133010479975,155
C4,K8,Q013,2,908.71,9.324,84.93319887788647,512
C4,K8,Q014,2,908.71,6.67,85.41184008715048,281
C4,K8,Q015,2,908.73,5.0321,86.21162120337874,140
C4,K8,Q016,2,908.73,9.6892,78.30555346961661,512
C4,K8,Q017,2,908.73,4.6822,86.9570750185049,123
C4,K8,Q018,2,908.73,5.9742,85.11870396307802,244
C4,K8,Q019,2,908.77,4.4529,84.21536164755871,66
C4,K8,Q020,2,908.77,9.0564,84.34738271883575,512
C4,K8,Q021,2,908.79,4.8032,86.4299673149574,131
C4,K8,Q022,2,908.79,5.5768,87.08277455219662,220
C4,K8,Q023,2,908.79,5.136,87.86155401773017,177
C4,K8,Q024,2,908.79,9.1708,84.54418383075972,512
C4,K8,Q025,2,908.79,10.2719,72.70385052088334,512
C4,K8,Q026,2,908.79,4.3927,87.61693874381206,110
C4,K8,Q027,2,908.79,4.6101,85.9942936643704,140
C4,K8,Q028,2,908.77,6.9814,72.50724287151716,277
C4,K8,Q029,2,908.77,4.3894,86.92097708575108,111
C4,K8,Q030,2,908.77,5.8796,85.79123409061292,237
C4,K8,Q031,2,908.77,9.7457,77.22939543863883,512
C4,K8,Q032,2,908.77,7.021,86.36069758570973,331
C4,K8,Q033,2,908.77,9.043,86.65330874320038,512
C4,K8,Q034,2,908.77,6.3175,86.35685904489314,271
C4,K8,Q035,2,908.83,5.9336,86.41134068293519,236
C4,K8,Q036,2,908.83,4.8949,88.25080330156669,161
C4,K8,Q037,2,908.83,4.5668,69.0381145075737,101
C4,K8,Q038,2,908.83,5.4047,76.49456218039306,154
C4,K8,Q039,2,908.83,4.9232,85.59979886739085,159
C4,K8,Q040,2,908.83,10.0892,76.245788425383,512
C4,K8,Q001,3,908.83,4.9188,87.51072937400038,141
C4,K8,Q002,3,908.83,4.2465,88.64907671986596,90
C4,K8,Q003,3,908.83,7.9756,80.26044956876547,364
C4,K8,Q004,3,908.83,6.079,86.07049917701727,243
C4,K8,Q005,3,908.83,6.0502,87.68432200714105,243
C4,K8,Q006,3,908.83,4.5302,86.06898926041083,104
C4,K8,Q007,3,908.83,5.2589,82.50861552016525,168
C4,K8,Q008,3,908.83,5.6613,85.31799749367823,202
C4,K8,Q009,3,908.83,5.0386,67.89912561014908,126
C4,K8,Q010,3,908.83,5.3391,85.82569564110365,180
C4,K8,Q011,3,908.83,4.3399,87.13286737181645,102
C4,K8,Q012,3,908.83,4.959,86.78344171931995,155
C4,K8,Q013,3,908.83,9.3262,84.62135743896106,512
C4,K8,Q014,3,908.83,6.7296,83.39842961647406,281
C4,K8,Q015,3,908.88,5.6169,63.06786417524577,140
C4,K8,Q016,3,908.89,9.3408,82.8218169489025,512
C4,K8,Q017,3,908.9,4.6945,85.97448584811035,123
C4,K8,Q018,3,908.9,6.488,72.49705406438096,244
C4,K8,Q019,3,908.9,4.375,86.90305174550048,66
C4,K8,Q020,3,908.9,8.9501,85.974892308891,512
C4,K8,Q021,3,908.9,5.0515,72.25270134097704,131
C4,K8,Q022,3,908.9,5.5804,85.73946193810937,220
C4,K8,Q023,3,908.9,5.1772,86.45440238516463,177
C4,K8,Q024,3,908.9,9.6976,77.91115328593332,512
C4,K8,Q025,3,908.9,9.3084,84.02484246983147,512
C4,K8,Q026,3,908.9,4.3661,88.74889870684787,110
C4,K8,Q027,3,908.9,4.6667,85.80055905192835,140
C4,K8,Q028,3,908.9,6.3249,86.05640764516427,277
C4,K8,Q029,3,908.9,4.3651,86.66296071903712,111
C4,K8,Q030,3,908.9,6.386,71.83087193889102,237
C4,K8,Q031,3,908.9,9.0913,85.66044200788076,512
C4,K8,Q032,3,908.9,6.994,86.68100525873493,331
C4,K8,Q033,3,908.9,9.2276,84.1303395858717,512
C4,K8,Q034,3,908.9,6.3178,86.24736444285317,271
C4,K8,Q035,3,908.96,6.0425,82.61474260081712,236
C4,K8,Q036,3,908.97,4.9515,84.13426365274393,161
C4,K8,Q037,3,908.97,4.2284,89.38171745642643,101
C4,K8,Q038,3,908.97,5.1665,87.2680455017856,154
C4,K8,Q039,3,908.97,4.9489,86.01582799431105,159
C4,K8,Q040,3,908.97,9.3533,85.226430980074,512
C5,M4,Q001,1,1772.66,4.8294,58.3686619755149,106
C5,M4,Q002,1,1773.3,4.1172,64.41688546935431,75
C5,M4,Q003,1,1778.22,3.4693,65.26546728819473,26
C5,M4,Q004,1,1778.65,4.0501,65.18661998063027,70
C5,M4,Q005,1,1778.95,9.0404,51.50910032876099,310
C5,M4,Q006,1,1779.2,5.0446,63.32851742049694,129
C5,M4,Q007,1,1779.57,3.5839,66.19234203036129,41
C5,M4,Q008,1,1779.78,4.2769,54.30748900273348,66
C5,M4,Q009,1,1780.2,4.1848,64.02458544080928,81
C5,M4,Q010,1,1780.37,4.543,63.58124237747606,99
C5,M4,Q011,1,1780.8,3.4777,65.36277272616921,35
C5,M4,Q012,1,1780.87,3.8571,59.30047009099926,55
C5,M4,Q013,1,1781.11,5.2375,61.3665094320325,135
C5,M4,Q014,1,1781.49,4.6046,60.81328946929616,93
C5,M4,Q015,1,1781.77,5.8284,60.96909271011657,166
C5,M4,Q016,1,1782.16,4.1832,59.55041816303634,75
C5,M4,Q017,1,1782.43,4.4023,64.16403429602889,91
C5,M4,Q018,1,1782.73,5.3212,63.62370233301959,155
C5,M4,Q019,1,1792.62,4.7212,59.92139722599178,85
C5,M4,Q020,1,1792.81,3.3777,66.14146766129133,37
C5,M4,Q021,1,1793.21,5.0105,61.52932088454167,128
C5,M4,Q022,1,1793.43,7.1958,52.172993851979776,230
C5,M4,Q023,1,1793.63,5.1581,64.24715359063451,148
C5,M4,Q024,1,1793.82,5.0063,64.05091397869425,138
C5,M4,Q025,1,1794.17,4.3586,64.28231650612753,90
C5,M4,Q026,1,1794.39,5.5244,63.68313082851376,169
C5,M4,Q027,1,1794.52,3.8687,64.37561022713861,66
C5,M4,Q028,1,1794.61,4.6426,64.08609604778259,115
C5,M4,Q029,1,1794.73,5.1386,56.748832769613486,128
C5,M4,Q030,1,1794.91,4.1122,64.38720265086825,82
C5,M4,Q031,1,1795.11,4.6954,64.37477905266512,118
C5,M4,Q032,1,1795.4,4.6311,63.82971178521066,108
C5,M4,Q033,1,1795.48,4.3745,59.88922512090558,89
C5,M4,Q034,1,1795.54,4.4356,61.946271933476375,93
C5,M4,Q035,1,1795.81,4.682,64.57419138277777,111
C5,M4,Q036,1,1795.9,4.1577,63.74925094630138,85
C5,M4,Q037,1,1796.02,4.5739,64.82670721422853,112
C5,M4,Q038,1,1796.19,4.9904,63.9197921873248,122
C5,M4,Q039,1,1796.34,6.169,63.6941335599883,212
C5,M4,Q040,1,1796.45,4.0048,50.26431543745461,47
C5,M4,Q001,2,1796.45,4.7421,61.93965791778737,106
C5,M4,Q002,2,1796.45,4.1814,63.79872946956886,75
C5,M4,Q003,2,1796.45,3.5114,58.80716452209001,26
C5,M4,Q004,2,1796.45,4.0624,63.49091172949244,70
C5,M4,Q005,2,1796.45,8.4467,56.57528966548309,310
C5,M4,Q006,2,1796.45,5.0083,64.42732597629873,129
C5,M4,Q007,2,1796.41,3.5383,65.30700664538614,41
C5,M4,Q008,2,1796.41,4.0832,60.04366812227074,66
C5,M4,Q009,2,1796.41,4.1695,65.71853481743635,81
C5,M4,Q010,2,1796.41,4.5616,62.67167449218534,99
C5,M4,Q011,2,1796.41,3.4312,65.00054786176055,35
C5,M4,Q012,2,1796.41,3.7545,65.87520600973515,55
C5,M4,Q013,2,1796.41,5.1728,63.13615522327751,135
C5,M4,Q014,2,1796.41,4.7343,54.32979235503877,93
C5,M4,Q015,2,1796.41,5.6437,63.54877004418171,166
C5,M4,Q016,2,1796.41,4.0934,64.7506796663009,75
C5,M4,Q017,2,1796.41,4.4226,64.70632571884461,91
C5,M4,Q018,2,1796.42,5.3336,62.87093853737049,155
C5,M4,Q019,2,1796.49,4.5784,63.32140904289319,85
C5,M4,Q020,2,1796.49,3.3793,65.61807795782354,37
C5,M4,Q021,2,1796.49,5.1927,57.23138694453698,128
C5,M4,Q022,2,1796.49,6.5485,61.74146914094262,230
C5,M4,Q023,2,1796.49,5.2065,63.8693061376677,148
C5,M4,Q024,2,1796.49,5.0325,64.21450996651073,138
C5,M4,Q025,2,1796.49,4.3833,62.863780474090696,90
C5,M4,Q026,2,1796.49,5.5775,63.84788939278768,169
C5,M4,Q027,2,1796.49,3.8684,63.53527603670799,66
C5,M4,Q028,2,1796.49,4.8204,58.914115514699326,115
C5,M4,Q029,2,1796.49,4.8676,63.09393948206777,128
C5,M4,Q030,2,1796.51,4.1241,65.33104515331284,82
C5,M4,Q031,2,1796.57,4.7328,64.08091138261625,118
C5,M4,Q032,2,1796.58,4.6101,63.06558295080359,108
C5,M4,Q033,2,1796.58,4.2516,65.17176788305987,89
C5,M4,Q034,2,1796.58,4.3724,64.89854194609094,93
C5,M4,Q035,2,1796.58,5.2141,48.34661122921913,111
C5,M4,Q036,2,1796.58,4.1471,64.96643146270775,85
C5,M4,Q037,2,1796.58,4.583,64.0932465175049,112
C5,M4,Q038,2,1796.58,5.001,63.42977258346865,122
C5,M4,Q039,2,1796.56,6.2103,63.10378339924007,212
C5,M4,Q040,2,1796.56,3.7737,64.07512331052986,47
C5,M4,Q001,3,1796.56,4.638,64.34803301418329,106
C5,M4,Q002,3,1796.56,4.3196,57.71534943565931,75
C5,M4,Q003,3,1796.56,3.4783,65.35520554212142,26
C5,M4,Q004,3,1796.56,4.05,65.12633578766581,70
C5,M4,Q005,3,1796.57,9.1694,50.537746071953684,310
C5,M4,Q006,3,1796.57,5.0288,64.26472683505686,129
C5,M4,Q007,3,1796.57,3.5957,64.1741027756082,41
C5,M4,Q008,3,1796.57,3.9835,64.97003011262457,66
C5,M4,Q009,3,1796.57,4.3997,57.91638304322707,81
C5,M4,Q010,3,1796.57,4.6776,60.96565909111903,99
C5,M4,Q011,3,1796.57,3.4893,66.04533729353756,35
C5,M4,Q012,3,1796.57,3.798,63.10921910947155,55
C5,M4,Q013,3,1796.57,5.4881,55.4819449421837,135
C5,M4,Q014,3,1796.57,4.509,63.914187300182256,93
C5,M4,Q015,3,1796.58,5.7085,63.160281770953425,166
C5,M4,Q016,3,1796.58,4.3509,54.746723408604,75
C5,M4,Q017,3,1796.58,4.4424,64.57926608147915,91
C5,M4,Q018,3,1796.58,5.3337,63.75111564452378,155
C5,M4,Q019,3,1796.58,4.5865,63.013980949020215,85
C5,M4,Q020,3,1796.59,3.4267,59.38833227932419,37
C5,M4,Q021,3,1796.61,4.9748,63.894063642480766,128
C5,M4,Q022,3,1796.61,6.4158,63.79622487226193,230
C5,M4,Q023,3,1796.61,5.5652,56.23952871274938,148
C5,M4,Q024,3,1796.61,5.0376,64.01148867066229,138
C5,M4,Q025,3,1796.61,4.3577,64.91778162956615,90
C5,M4,Q026,3,1796.61,5.557,63.76482626537336,169
C5,M4,Q027,3,1796.61,3.8565,63.063570946039555,66
C5,M4,Q028,3,1796.61,4.6813,63.88636892655901,115
C5,M4,Q029,3,1796.61,4.8781,64.23919464124668,128
C5,M4,Q030,3,1796.61,4.5554,49.48161969030541,82
C5,M4,Q031,3,1796.61,4.7301,62.968293329790036,118
C5,M4,Q032,3,1796.61,4.6393,64.30753291295261,108
C5,M4,Q033,3,1796.61,4.3315,62.83868462393871,89
C5,M4,Q034,3,1796.61,4.3804,62.174253708393394,93
C5,M4,Q035,3,1796.61,4.6613,64.61783498817086,111
C5,M4,Q036,3,1796.61,4.0979,64.97651290165996,85
C5,M4,Q037,3,1796.61,4.9144,53.95858485902837,112
C5,M4,Q038,3,1796.61,4.9989,62.79893838909398,122
C5,M4,Q039,3,1796.61,6.1236,63.881359057834324,212
C5,M4,Q040,3,1796.61,3.7905,61.360345811242524,47
C6,R9,Q001,1,1806.18,5.4599,44.64956870777365,79
C6,R9,Q002,1,1806.96,4.7624,44.30860260040372,52
C6,R9,Q003,1,1811.9,7.1611,42.40938307600557,144
C6,R9,Q004,1,1812.56,5.7924,43.69703986341296,97
C6,R9,Q005,1,1812.89,4.9011,42.985683581654584,59
C6,R9,Q006,1,1813.24,6.3175,43.56617031021347,117
C6,R9,Q007,1,1813.59,4.447,44.96817130899056,41
C6,R9,Q008,1,1813.79,5.1676,43.93193392895561,68
C6,R9,Q009,1,1814.35,7.5162,43.512531609103426,174
C6,R9,Q010,1,1814.57,5.4181,44.48719219368034,79
C6,R9,Q011,1,1815.14,4.2989,43.65379794278359,35
C6,R9,Q012,1,1815.26,4.8103,44.431676721248685,58
C6,R9,Q013,1,1815.58,5.36,37.99352122785709,65
C6,R9,Q014,1,1816.02,5.6795,44.077180167524034,86
C6,R9,Q015,1,1816.33,8.5457,39.155078973101084,189
C6,R9,Q016,1,1816.84,6.4312,39.74579140038129,116
C6,R9,Q017,1,1817.19,5.7202,42.45837781634676,90
C6,R9,Q018,1,1817.56,4.9313,44.50455784721779,69
C6,R9,Q019,1,1827.65,5.4971,42.40615341556829,60
C6,R9,Q020,1,1827.88,4.7407,44.58736421120899,66
C6,R9,Q021,1,1828.36,5.668,43.953556988358386,94
C6,R9,Q022,1,1828.62,7.8891,43.08318887475155,199
C6,R9,Q023,1,1828.9,5.8521,43.64067310733604,109
C6,R9,Q024,1,1829.12,7.1509,44.04641111964916,166
C6,R9,Q025,1,1829.56,5.5418,44.18748401927368,89
C6,R9,Q026,1,1829.81,6.6559,44.02195765645698,142
C6,R9,Q027,1,1830.0,4.7929,44.06993042870834,67
C6,R9,Q028,1,1830.12,6.4885,40.10238201783728,126
C6,R9,Q029,1,1830.31,6.4542,42.85032700555519,134
C6,R9,Q030,1,1830.52,5.8792,43.681457650241796,112
C6,R9,Q031,1,1831.02,11.9966,41.97485427942336,362
C6,R9,Q032,1,1831.36,6.5771,44.13375732252591,135
C6,R9,Q033,1,1831.5,6.3191,44.66698840856755,128
C6,R9,Q034,1,1831.62,8.4356,41.86447103294166,199
C6,R9,Q035,1,1831.77,9.6238,39.40365616468552,239
C6,R9,Q036,1,1831.9,8.5773,39.49478273920015,205
C6,R9,Q037,1,1832.05,5.7516,40.20030755351084,95
C6,R9,Q038,1,1832.3,17.2413,38.07166708766098,512
C6,R9,Q039,1,1832.43,8.8906,43.75056488640877,243
C6,R9,Q040,1,1832.55,5.2127,44.02351249807808,67
C6,R9,Q001,2,1832.55,5.804,42.01633744118378,79
C6,R9,Q002,2,1832.55,4.845,40.8494485717226,52
C6,R9,Q003,2,1832.55,7.081,43.897192774522075,144
C6,R9,Q004,2,1832.55,6.0599,39.86990081437355,97
C6,R9,Q005,2,1832.55,4.9578,44.52094333087587,59
C6,R9,Q006,2,1832.55,6.3391,43.7256495781596,117
C6,R9,Q007,2,1832.55,4.444,42.49558978696235,41
C6,R9,Q008,2,1832.55,5.1559,43.85116399045592,68
C6,R9,Q009,2,1832.55,7.5338,43.410682520713635,174
C6,R9,Q010,2,1832.55,5.4475,42.23690949859977,79
C6,R9,Q011,2,1832.55,4.4165,42.258792847397466,35
C6,R9,Q012,2,1832.55,4.7837,43.52622455029155,58
C6,R9,Q013,2,1832.55,5.0917,44.582566570345456,65
C6,R9,Q014,2,1832.55,6.0296,40.85609675103767,86
C6,R9,Q015,2,1832.55,8.0321,43.746637989858186,189
C6,R9,Q016,2,1832.55,6.1113,44.131331799896365,116
C6,R9,Q017,2,1832.55,5.7514,44.476379583167365,90
C6,R9,Q018,2,1832.55,5.0222,43.95965650306666,69
C6,R9,Q019,2,1832.55,5.4379,43.17761327107122,60
C6,R9,Q020,2,1832.57,5.0279,39.366650244013584,66
C6,R9,Q021,2,1832.57,5.688,43.06150832553034,94
C6,R9,Q022,2,1832.57,7.7454,44.16631747903099,199
C6,R9,Q023,2,1832.57,6.1611,39.176023985790245,109
C6,R9,Q024,2,1832.57,7.1749,43.74226111125897,166
C6,R9,Q025,2,1832.57,5.5281,43.83452614138457,89
C6,R9,Q026,2,1832.57,7.071,39.08048570989014,142
C6,R9,Q027,2,1832.55,4.8038,43.70532435221534,67
C6,R9,Q028,2,1832.55,6.249,44.14164985371948,126
C6,R9,Q029,2,1832.55,6.6572,40.23192805810692,134
C6,R9,Q030,2,1832.55,5.9483,43.58020742622299,112
C6,R9,Q031,2,1832.55,11.9595,42.108863043249414,362
C6,R9,Q032,2,1832.55,6.5826,43.96045252564197,135
C6,R9,Q033,2,1832.55,6.3607,44.05912597020433,128
C6,R9,Q034,2,1832.55,7.9751,43.80260301920997,199
C6,R9,Q035,2,1832.55,8.9072,43.67854491598185,239
C6,R9,Q036,2,1832.55,8.0476,43.81615170220405,205
C6,R9,Q037,2,1832.55,5.8452,42.21565534250228,95
C6,R9,Q038,2,1832.55,15.8073,42.90001773815186,512
C6,R9,Q039,2,1832.55,9.558,40.80923880861206,243
C6,R9,Q040,2,1832.55,5.253,43.77711567612775,67
C6,R9,Q001,3,1832.55,5.4286,44.270624647306015,79
C6,R9,Q002,3,1832.55,5.2685,38.229081891839634,52
C6,R9,Q003,3,1832.55,7.0731,43.55640463657927,144
C6,R9,Q004,3,1832.55,5.7347,44.42543259837485,97
C6,R9,Q005,3,1832.55,5.1883,43.24137334601747,59
C6,R9,Q006,3,1832.55,6.3842,42.91872257741235,117
C6,R9,Q007,3,1832.55,4.3998,44.54822127644779,41
C6,R9,Q008,3,1832.55,5.3228,39.60806653223223,68
C6,R9,Q009,3,1832.55,7.82,40.22285309943667,174
C6,R9,Q010,3,1832.58,5.3721,43.92637272694922,79
C6,R9,Q011,3,1832.58,4.289,43.70083655887127,35
C6,R9,Q012,3,1832.58,4.7734,44.4236453277431,58
C6,R9,Q013,3,1832.58,5.0768,44.401303075780724,65
C6,R9,Q014,3,1832.58,5.7024,42.70423049956005,86
C6,R9,Q015,3,1832.58,8.5174,39.15464094365585,189
C6,R9,Q016,3,1832.58,6.1078,44.071474813912,116
C6,R9,Q017,3,1832.58,5.6565,44.289769260144325,90
C6,R9,Q018,3,1832.58,4.9869,44.468676650851286,69
C6,R9,Q019,3,1832.63,5.3899,44.15709622935195,60
C6,R9,Q020,3,1832.63,4.7439,44.98722976137001,66
C6,R9,Q021,3,1832.63,5.8697,44.12095336931538,94
C6,R9,Q022,3,1832.63,7.8962,43.27548915437955,199
C6,R9,Q023,3,1832.63,5.8341,44.12692847834562,109
C6,R9,Q024,3,1832.63,7.4032,41.86313126638746,166
C6,R9,Q025,3,1832.63,5.5883,42.46416191728076,89
C6,R9,Q026,3,1832.63,6.6547,44.63236135365552,142
C6,R9,Q027,3,1832.63,4.7732,44.859863143939904,67
C6,R9,Q028,3,1832.63,6.2696,44.017528758118786,126
C6,R9,Q029,3,1832.63,6.3536,44.406856948944046,134
C6,R9,Q030,3,1832.63,6.4553,37.386821412500815,112
C6,R9,Q031,3,1832.63,11.7507,43.24140433747121,362
C6,R9,Q032,3,1832.63,6.882,39.878462262863465,135
C6,R9,Q033,3,1832.63,6.4218,43.20164706279427,128
C6,R9,Q034,3,1832.63,7.9454,44.19559683044282,199
C6,R9,Q035,3,1832.63,9.9432,38.159943491350624,239
C6,R9,Q036,3,1832.63,7.936,44.00846250532664,205
C6,R9,Q037,3,1832.63,5.636,41.697336154706775,95
C6,R9,Q038,3,1832.63,15.7342,42.85631299438566,512
C6,R9,Q039,3,1832.63,9.146,41.65870922460971,243
C6,R9,Q040,3,1832.63,5.3552,41.65687419250947,67
