blind_answer_id,blind_model_code,question_id,source_id,source_title,question_type,difficulty,documents_needed,question_text,expected_answer_notes,evidence_location,generated_answer,relevance,correctness,faithfulness_to_source,completeness,hallucination_risk,source_grounding,average_quality_score,scoring_notes,scored_by,scored_date
T2-Q025-R1,T2,Q025,D3,NIST AI RMF,comparison,medium,one_document,Why should risks to individuals organisations and society be considered separately?,"A good answer should explain that AI impacts can occur at different levels: individual harms, organisational failures, and wider societal effects. Treating them separately helps avoid reducing risk to only model accuracy or technical performance.",D3 AI RMF web overview; D3 Executive Summary; D3 Framing Risk,"Risks to individuals, organizations, and society should be considered separately for several reasons:

1. **Contextual differences**: Each entity has unique needs, priorities, and circumstances that affect their risk tolerance. For instance, an organization with a strong focus on customer service may have a different risk tolerance than a government agency dealing with sensitive information.

2. **Risk characteristics**: AI risks are distinct from other risks, such as financial or operational risks. AI risks require special consideration due to their unique characteristics, like security and privacy concerns.

3. **Emerging knowledge and risks**: The rapid development of AI technology and its potential impact on various aspects of life necessitates a proactive approach to risk management. Considering AI risks as part of broader enterprise risk management (ERM) considerations helps organizations stay ahead of emerging threats.

4. **Policy and regulatory implications**: AI risks may be influenced by policies and norms established by AI system owners, organizations, industries, communities, or policy makers. Different organizations may have varying risk tolerances due to their unique circumstances, which can impact how they approach AI risk management.

5. **Risk management strategies**: Organizations may need to adapt their risk management strategies to address AI risks, which may not be applicable to other types of risks. For example, an organization may need to develop additional controls or procedures to mitigate AI-related risks.

6. **Data-driven decision-making**: As AI technology advances, the amount of data generated and the complexity of AI models increase. This requires organizations to have robust data management and analytics capabilities to effectively assess and manage AI risks.

7. **Ethical considerations**: AI risks raise important ethical considerations, such as data privacy, security, and fairness. Organizations must consider these factors when developing and implementing AI risk management strategies.

In summary, considering risks to individuals, organizations, and society separately allows for tailored risk management approaches, taking into account the unique characteristics, needs, and circumstances of each entity. This helps organizations develop effective strategies to mitigate AI risks and ensure responsible AI development and deployment.",,,,,,,,,,
A7-Q036-R1,A7,Q036,D4,ICO AI Data Protection Guidance,source_grounded_synthesis,hard,one_document,How can local deployment reduce some privacy risks while leaving other data protection responsibilities in place?,"A good answer should say local deployment can reduce transfer of questions or documents to external providers, but responsibilities remain for lawful processing, transparency, security, data minimisation, logging, retention, and access control on the local system.",D4 ICO transparency; lawfulness; security and data minimisation chapters,"Okay, here’s a rephrased and expanded answer based on the provided context, aiming for clarity and completeness:

“Local deployment of models offers a way to mitigate privacy risks while still adhering to data protection laws.  Instead of sending sensitive data to a central server, you can run the model directly on your own infrastructure. This reduces the risk of exposure because the data never leaves your environment. However, it’s crucial to remember that this approach doesn’t eliminate all responsibilities under data protection law.  Specifically, the development stage – where you’re processing personal data to train the model – and the deployment stage – where you use the model’s predictions – are both areas where data protection regulations apply.  These regulations require careful consideration throughout the entire lifecycle of the data, from its creation to its use and disposal.  For example, the data protection law dictates how personal data is handled during the development and deployment phases, and it’s important to ensure compliance at each stage.”

**Key additions and clarifications:**

*   **Emphasis on Reduced Exposure:** The answer highlights the core benefit of local deployment – minimizing data leakage.
*   **Expanded on Data Protection Law:** It clarifies that local deployment doesn't eliminate responsibilities under data protection laws, emphasizing the need for careful consideration throughout the lifecycle.
*   **Specific Stages:** It explicitly mentions the development and deployment stages as key areas of concern.

Do you want me to elaborate on any specific aspect of this answer, or perhaps provide more detail on a particular data protection regulation?",,,,,,,,,,
M4-Q017-R1,M4,Q017,D2,llama.cpp README,fact_retrieval,medium,one_document,What hardware or backend options are described as relevant to llama.cpp deployment?,"A good answer should mention at least several of the supported hardware/backend options such as x86 CPU instruction sets, Apple silicon, CUDA, HIP, Vulkan, SYCL, and CPU+GPU hybrid inference.",D2 README Description hardware/backend bullets,"The hardware or backend options described as relevant to llama.cpp deployment include:

- Vulkan
- CANN (Chiplet Accelerated Neural Network)
- OpenCL
- IBM zDNN
- WebGPU
- VirtGPU
- Snapdragon
- VirtGPU APIR
- Hexagon (In Progress)
- IBM Z & LinuxONE

These options are mentioned in the context as potential hardware or backend configurations that can be used with llama.cpp.",,,,,,,,,,
R9-Q038-R1,R9,Q038,D1+D2,RAG Paper and llama.cpp README,comparison,hard,multiple_documents,How do RAG and local deployment address different parts of the question-answering problem?,"A good answer should say that RAG addresses knowledge grounding by retrieving and using source passages, while local deployment addresses where inference runs and what hardware/runtime is used. They solve different but complementary problems: answer grounding and practical private execution.",D1 abstract/Methods; D2 README Description/llama-server,"RAG and local deployment address different parts of the question-answering problem in the following ways:

1. **RAG (Recurrent and Attentional Generation)**:
   - **Recurrent Neural Networks (RNNs)**: RAG utilizes RNNs to capture the sequential nature of text, allowing it to handle long-range dependencies and context.
   - **Attention Mechanisms**: It employs attention mechanisms to focus on relevant parts of the input text, improving the model's ability to understand and respond to complex questions.
   - **Multi-Head Attention**: This allows RAG to consider multiple aspects of the input text simultaneously, enhancing its ability to generate accurate and contextually relevant answers.
   - **Recurrent Neural Networks (RNNs)**: RAG uses RNNs to handle the sequential nature of text, allowing it to capture long-range dependencies and context.
   - **Attention Mechanisms**: It employs attention mechanisms to focus on relevant parts of the input text, improving the model's ability to understand and respond to complex questions.
   - **Multi-Head Attention**: This allows RAG to consider multiple aspects of the input text simultaneously, enhancing its ability to generate accurate and contextually relevant answers.
   - **Recurrent Neural Networks (RNNs)**: RAG uses RNNs to handle the sequential nature of text, allowing it to capture long-range dependencies and context.
   - **Attention Mechanisms**: It employs attention mechanisms to focus on relevant parts of the input text, improving the model's ability to understand and respond to complex questions.
   - **Multi-Head Attention**: This allows RAG to consider multiple aspects of the input text simultaneously, enhancing its ability to generate accurate and contextually relevant answers.
   - **Recurrent Neural Networks (RNNs)**: RAG uses RNNs to handle the sequential nature of text, allowing it to capture long-range dependencies and context.
   - **Attention Mechanisms**: It employs attention mechanisms to focus on relevant parts of the input text, improving the model's ability to understand and respond to complex questions.
   - **Multi-Head Attention**: This allows RAG to consider multiple aspects of the input text simultaneously, enhancing its ability to generate accurate and contextually relevant answers.
   - **Recurrent Neural Networks (RNNs)**: RAG uses RNNs to handle the sequential nature of text, allowing it to capture long-range dependencies and context.
   - **Attention Mechanisms**: It employs attention mechanisms to focus on relevant parts of the input text",,,,,,,,,,
M4-Q003-R1,M4,Q003,D1,RAG Paper,explanation,medium,one_document,Why is provenance important in a question-answering system?,"A good answer should connect provenance to knowing where an answer came from. It should explain that retrieved evidence can be inspected, interpreted, or cited, which helps users judge whether the answer is grounded rather than invented.",D1 abstract; D1 Introduction,"The question ""Why is provenance important in a question-answering system?"" is not covered in the provided context.",,,,,,,,,,
T2-Q003-R1,T2,Q003,D1,RAG Paper,explanation,medium,one_document,Why is provenance important in a question-answering system?,"A good answer should connect provenance to knowing where an answer came from. It should explain that retrieved evidence can be inspected, interpreted, or cited, which helps users judge whether the answer is grounded rather than invented.",D1 abstract; D1 Introduction,"Here's a rephrased version of the text in my own words, combining relevant parts, and addressing any gaps in the original context:

**The Importance of Factuality in Question-Answeering Systems**

In the context of question-answering systems, factuality plays a crucial role in ensuring the accuracy and reliability of the output. Factuality refers to the ability of a statement to be corroborated by trusted external sources, which is essential for maintaining the trustworthiness of the system.

**The Role of Specicity in Question-Answeering Systems**

Specicity, on the other hand, refers to the high mutual dependence between the input and output of a question-answering system. This means that the system should be able to understand the context and intent behind the input, and generate an answer that is tailored to the specific question being asked.

**The Impact of Retrieval on Fact Verication**

Our research highlights the importance of retrieval in fact verification. In our study, we used a question-answering system that employed a combination of techniques, including semantic parsing and pairwise comparative evaluation. We evaluated the system using a set of question-answer pairs, and asked users to choose between four options: question A, question B, both are good, or neither is good.

**Our Findings**

Our results show that the system performed well in fact verification, with the majority of users choosing question A as the best answer. This suggests that the system's factuality and specicity are well-suited to the task of fact verification.

**Conclusion**

In conclusion, our research highlights the importance of factuality and specicity in question-answering systems. By incorporating these factors into our system, we were able to improve its performance in fact verification. Our findings suggest that systems that prioritize factuality and specicity can be effective in maintaining the trustworthiness of the system and generating accurate answers to user queries.

**Related Work**

Our research builds on existing work in the field of question-answering systems. Prior research has shown that retrieval improves performance across a variety of NLP tasks when considered in isolation. Such tasks include open-domain question answering, fact checking, fact completion, long-form question answering, Wikipedia article generation, dialogue, translation, and language modeling.

**Evaluation Metrics**

We used pairwise comparative evaluation to evaluate the system's performance in fact verification. We compared the system's performance to that of other state-of-the-art systems, and evaluated the system's accuracy and reliability using metrics such as precision, recall,",,,,,,,,,,
F3-Q008-R1,F3,Q008,D1,RAG Paper,boundary_limitation,medium,one_document,What limitation of large pre-trained models motivates the use of retrieval?,"A good answer should state that large pre-trained models can store knowledge but may struggle to access, manipulate, update, or explain it reliably. They may also hallucinate or fail to provide provenance.",D1 abstract; D1 Introduction paragraphs 1-2,"Large pre-trained models, particularly those with deep architectures, have been shown to store factual knowledge in their parameters and achieve state-of-the-art results when tuned on downstream NLP tasks. However, these models may struggle with tasks that require more complex retrieval mechanisms, such as question answering. The limitations of large pre-trained models include:

1. Limited scope: Large pre-trained models are designed to handle a wide range of tasks, but may not be well-suited for specific, complex retrieval tasks that require specialized knowledge.

2. Overfitting: Large pre-trained models can become overfit to the training data, leading to poor performance on new, unseen tasks.

3. Complexity: Large pre-trained models may struggle with tasks that require more complex retrieval mechanisms, such as question answering, which can be challenging for neural language models.

4. Limited diversity: Large pre-trained models may not be well-suited for tasks that require diverse knowledge, such as natural language processing, which can be challenging for deep architectures.

5. Limited scalability: Large pre-trained models may not be well-suited for tasks that require scalability, such as large-scale language models, which can be challenging for deep architectures.

6. Limited interpretability: Large pre-trained models may not be well-suited for tasks that require interpretability, such as question answering, which can be challenging for neural language models.

7. Limited generalization: Large pre-trained models may not be well-suited for tasks that require generalization, such as language translation, which can be challenging for deep architectures.

8. Limited scalability: Large pre-trained models may not be well-suited for tasks that require scalability, such as large-scale language models, which can be challenging for deep architectures.

9. Limited interpretability: Large pre-trained models may not be well-suited for tasks that require interpretability, such as question answering, which can be challenging for neural language models.

10. Limited generalization: Large pre-trained models may not be well-suited for tasks that require generalization, such as language translation, which can be challenging for deep architectures.",,,,,,,,,,
T2-Q017-R1,T2,Q017,D2,llama.cpp README,fact_retrieval,medium,one_document,What hardware or backend options are described as relevant to llama.cpp deployment?,"A good answer should mention at least several of the supported hardware/backend options such as x86 CPU instruction sets, Apple silicon, CUDA, HIP, Vulkan, SYCL, and CPU+GPU hybrid inference.",D2 README Description hardware/backend bullets,"Based on the context, the following hardware or backend options are described as relevant to llama.cpp deployment:

1. **GPU**: Llama.cpp is a GPU-accelerated language model inference system, which means it requires a powerful GPU to run efficiently.
2. **VirtGPU**: VirtGPU is a virtual GPU API that allows for GPU acceleration on Linux systems, making it a relevant option for deploying Llama.cpp.
3. **WebGPU**: WebGPU is a web GPU API that enables GPU acceleration on web browsers, making it another relevant option for deploying Llama.cpp.

Additionally, the following hardware or backend options are mentioned as relevant to llama.cpp deployment:

1. **IBM zDNN**: IBM zDNN is a deep learning framework that provides a GPU-accelerated interface, making it a relevant option for deploying Llama.cpp.
2. **IBM Z & LinuxONE**: IBM Z and LinuxONE are high-performance computing platforms that support GPU acceleration, making them relevant options for deploying Llama.cpp.

It's worth noting that the following options are not mentioned as relevant to llama.cpp deployment:

1. **Adreno GPU**: Adreno is a GPU-accelerated graphics processing unit (GPU) manufacturer, but it's not directly related to Llama.cpp deployment.
2. **All**: This option is too vague and doesn't provide any specific information about relevant hardware or backend options.
3. **Hexagon**: Hexagon is a GPU manufacturer, but it's not directly related to Llama.cpp deployment.
4. **CANN**: CANN is not a well-known GPU manufacturer, and it's not directly related to Llama.cpp deployment.
5. **OpenCL**: OpenCL is a programming model for parallel computing on heterogeneous hardware, but it's not directly related to Llama.cpp deployment.
6. **RPC**: RPC (Remote Procedure Call) is a communication protocol, but it's not directly related to Llama.cpp deployment.
7. **Llama-cli**: Llama-cli is a command-line interface for interacting with Llama.cpp, but it's not a hardware or backend option itself.

Please note that the context may not be exhaustive, and additional information may be required to provide a more comprehensive answer.",,,,,,,,,,
R9-Q003-R1,R9,Q003,D1,RAG Paper,explanation,medium,one_document,Why is provenance important in a question-answering system?,"A good answer should connect provenance to knowing where an answer came from. It should explain that retrieved evidence can be inspected, interpreted, or cited, which helps users judge whether the answer is grounded rather than invented.",D1 abstract; D1 Introduction,"The context provided discusses the performance of a question-answering system, specifically mentioning the NQ task. It also mentions the use of MS-MARCO Bleu-1 and Rouge-L metrics to evaluate performance. The context also references previous work in NLP tasks such as open-domain question answering, fact checking, fact completion, long-form question answering, Wikipedia article generation, dialogue, translation, and language modeling. The work presented unifies factuality and specificity as two different types of evaluation criteria. It uses pairwise comparative evaluation and follows best practice by using BART and RAG as the two generated questions. The context also mentions fact verication as an important aspect of a question-answering system.",,,,,,,,,,
A7-Q017-R1,A7,Q017,D2,llama.cpp README,fact_retrieval,medium,one_document,What hardware or backend options are described as relevant to llama.cpp deployment?,"A good answer should mention at least several of the supported hardware/backend options such as x86 CPU instruction sets, Apple silicon, CUDA, HIP, Vulkan, SYCL, and CPU+GPU hybrid inference.",D2 README Description hardware/backend bullets,"Okay, here's a rephrased and expanded answer based on the provided context, incorporating relevant details and expanding on the key points:

“The context highlights several hardware and backend options relevant to deploying llama.cpp, primarily focusing on GPU capabilities.  Specifically, it mentions the following:

*   **GPU:** llama.cpp is designed to run efficiently on GPUs, and the context emphasizes that it’s compatible with GPU-accelerated inference.
*   **Vulkan:** The mention of Vulkan suggests that llama.cpp utilizes this graphics API for optimized performance.
*   **CanN:** The context refers to the CANN project, which is a framework for machine learning, and it’s connected to the development of Ascend NPU.
*   **OpenCL:** OpenCL is another graphics API that can be used for GPU acceleration.
*   **Adreno GPU:** The context specifically mentions the Adreno GPU, indicating that llama.cpp is optimized for devices with this graphics processor.
*   **IBM zDNN:** The context also references IBM zDNN, which is a powerful neural network inference engine.
*   **IBM Z & LinuxONE:** The context also mentions that llama.cpp is designed to work with IBM Z systems and the Linux ONE platform.
*   **WebGPU:** The context also mentions WebGPU, which is a modern API for rendering graphics in the browser.

Essentially, the context underscores that llama.cpp is intended for deployment on a range of hardware, with a strong emphasis on GPU support, and it’s designed to leverage various graphics APIs like Vulkan, OpenCL, and potentially WebGPU.”

",,,,,,,,,,
T2-Q010-R1,T2,Q010,D1,RAG Paper,source_grounded_synthesis,hard,one_document,What does RAG add to a standard language generation system?,"A good answer should say that RAG adds an external retrieval component and a document index to a generator. The retriever supplies relevant passages, and the generator uses them with the input to produce a document-grounded output.",D1 Figure 1; D1 Methods section 2,"RAG (Reactive Attention Guidance) is a more diverse and effective language generation model compared to traditional RAG-Tokens and BART (Bidirectional Transformers for Attention). Unlike RAG-Tokens, which rely on token-level retrieval, RAG learns to retrieve relevant information for the task, leading to improved results across various tasks.

In contrast, RAG is more factually accurate than RAG-Tokens in only 7.1% of cases, while RAG was more factual in 42.7% of cases. Moreover, RAG outperforms BART in a further 17% of cases, demonstrating its effectiveness over a state-of-the-art generation model.

RAG's ability to generate more specific and factually accurate responses is attributed to its ability to document posterior p(zi|x,yi,yi) for each generated token, allowing it to better capture the nuances of language. This is particularly evident in Jeopardy questions, where RAG performs best when generating responses that accurately recall two separate pieces of information.

Overall, RAG's unique approach to language generation, which involves learning to retrieve relevant information for the task, makes it a more effective and diverse model compared to traditional RAG-Tokens and BART.",,,,,,,,,,
K8-Q025-R1,K8,Q025,D3,NIST AI RMF,comparison,medium,one_document,Why should risks to individuals organisations and society be considered separately?,"A good answer should explain that AI impacts can occur at different levels: individual harms, organisational failures, and wider societal effects. Treating them separately helps avoid reducing risk to only model accuracy or technical performance.",D3 AI RMF web overview; D3 Executive Summary; D3 Framing Risk,"    The context provided indicates that risks should be considered separately for individuals, organizations, and society because they are interconnected and the actions taken to manage them can have different impacts on each. For example, if an AI system is used to manage a company's operations, the AI system might be designed to manage risks related to the company's business, but the AI system could also be used to manage risks related to the AI system itself, such as cybersecurity vulnerabilities. Therefore, it is important to consider the AI system as part of the broader context of risk management, as it is a part of the AI system's ecosystem and its use. This is consistent with the broader context of risk management, which refers to coordinated activities to direct and control an organization with regard to risk. The context also mentions that risk tolerances can be influenced by policies and norms established by AI system owners, organizations, industries, or policy makers. This suggests that there are different contexts and application and use-case specific. The context also mentions that different organizations may have varied risk tolerances due to their particular organizational priorities and resource considerations. This indicates that the context is a main source of the question and answer. The context also mentions that emerging knowledge and risks are also considered as part of broader enterprise risk management considerations, which may incorporate AI risks. This suggests that the context is a main source of the context and the question and answer. The context also mentions that different organizations may have varied risk tolerances due to their particular organizational priorities and resource considerations. This indicates that the context is a main source of the question and context and the context and the answer. The context also mentions that emerging knowledge and risks are also considered as part of broader enterprise risk management considerations, which may incorporate AI risks. This suggests that the context is a main source of the question and context and the context and the context and the answer. The context also mentions that different organizations may have varied risk tolerances due to their particular organizational priorities and resource considerations. This suggests that the context is a main source of the question and context and the context and the context and the context and the context and the context and the context and the context and the context and the context and the context and the context and the context and the context and the context and the context and the context and the context and the context and the context and the context and the context and the context and the context and the context and the context and the context and the context and the context and the context and the context and the context and the context and the context and the",,,,,,,,,,
M4-Q020-R1,M4,Q020,D2,llama.cpp README,boundary_limitation,hard,one_document,What deployment limitation might still remain even if the runtime supports local inference?,"A good answer should note that local inference does not remove limits such as model size, memory, CPU/GPU speed, supported formats, software setup, and security of the local device. It should present local deployment as practical but still constrained.",D2 README Description; D2 Quick start; D4 ICO security/data minimisation context,The deployment limitation that might still remain even if the runtime supports local inference is the restriction on the number of queries that can be performed by a particular user within a given time limit.,,,,,,,,,,
F3-Q025-R1,F3,Q025,D3,NIST AI RMF,comparison,medium,one_document,Why should risks to individuals organisations and society be considered separately?,"A good answer should explain that AI impacts can occur at different levels: individual harms, organisational failures, and wider societal effects. Treating them separately helps avoid reducing risk to only model accuracy or technical performance.",D3 AI RMF web overview; D3 Executive Summary; D3 Framing Risk,"Risks to individuals, groups, communities, organizations, society, and the environment are considered separately because they are context-specific and application and use-case specific. Risk management involves coordinated activities to direct and control organizations with regard to risk. While organizations or society are highly contextual and application and use-case specific, risks to individuals, groups, communities, organizations, society, and the environment are also context-specific and application and use-case specific.",,,,,,,,,,
K8-Q020-R1,K8,Q020,D2,llama.cpp README,boundary_limitation,hard,one_document,What deployment limitation might still remain even if the runtime supports local inference?,"A good answer should note that local inference does not remove limits such as model size, memory, CPU/GPU speed, supported formats, software setup, and security of the local device. It should present local deployment as practical but still constrained.",D2 README Description; D2 Quick start; D4 ICO security/data minimisation context,"Based on the provided context, it seems that the main issue is related to the limitations of the deployment of a particular system or method, particularly in relation to local inference and privacy attacks. However, the specific context provided is not complete and seems to be a general statement rather than a direct question. 

To be more precise, the context suggests that there is a challenge in the deployment of a particular system or method, particularly in relation to local inference and privacy attacks. The answer provided seems to be a general statement rather than a direct question.

This context appears to be a general statement rather than a direct question, and the answer provided seems to be a general statement rather than a direct question. The context is not complete and seems to be a general statement rather than a direct question. The answer provided is not relevant to the context and seems to be a general statement rather than a direct question. The context and answer do not match and are not relevant to the question. The context and answer are not relevant and seem to be a general statement rather than a direct question. The context and answer are not relevant and seem to be a general statement rather than a direct question. The context and answer are not relevant and seem to be a general statement rather than a direct question. The context and answer are not relevant and seem to be a general statement rather than a direct question. The context and answer are not relevant and seem to be a general statement rather than a direct question. The context and answer are not relevant and seem to be a general statement rather than a direct question. The context and answer are not relevant and seem to be a general statement rather than a direct question. The context and answer are not relevant and seem to be a general statement rather than a direct question. The context and answer are not relevant and seem to be a general statement rather than a direct question. The context and answer are not relevant and seem to be a general statement rather than a direct question. The context and answer are not relevant and seem to be a general statement rather than a direct question. The context and answer are not relevant and seem to be a general statement rather than a direct question. The context and answer are not relevant and seem to be a general statement rather than a direct question. The context and answer are not relevant and seem to be a general statement rather than a direct question. The context and answer are not relevant and seem to be a general statement rather than a direct question. The context and answer are not relevant and seem to be a general statement rather than a direct question",,,,,,,,,,
F3-Q010-R1,F3,Q010,D1,RAG Paper,source_grounded_synthesis,hard,one_document,What does RAG add to a standard language generation system?,"A good answer should say that RAG adds an external retrieval component and a document index to a generator. The retriever supplies relevant passages, and the generator uses them with the input to produce a document-grounded output.",D1 Figure 1; D1 Methods section 2,"RAG (Recurrent Attention-Augmented Generative) adds diversity to a standard language generation system. It learns to retrieve relevant information for the task, which is essential for generating diverse responses. The retrieval mechanism is effective in improving results for all tasks, with RAG being more factual in 42.7% of cases compared to BART. RAG's ability to generate documents with a posterior probability of 1.0 for each generated token is particularly notable, indicating that it can generate responses accurately. The model's ability to document posterior probabilities for each generated token is also significant, suggesting that it can generate responses with high accuracy.",,,,,,,,,,
M4-Q038-R1,M4,Q038,D1+D2,RAG Paper and llama.cpp README,comparison,hard,multiple_documents,How do RAG and local deployment address different parts of the question-answering problem?,"A good answer should say that RAG addresses knowledge grounding by retrieving and using source passages, while local deployment addresses where inference runs and what hardware/runtime is used. They solve different but complementary problems: answer grounding and practical private execution.",D1 abstract/Methods; D2 README Description/llama-server,"RAG addresses the question-answering problem by generating correct answers even when the correct answer is not present in any retrieved document, achieving 11.8% accuracy in such cases for NQ. It also outperforms extractive models in abstractive question answering tasks, such as Open MS-MARCO NLG, where it outperforms BART by 2.6 BLEU points and 2.6 ROUGE-L points. RAG models are trained using dev data with different values of k for training and test time, and experimental details for each task are discussed.",,,,,,,,,,
K8-Q034-R1,K8,Q034,D4,ICO AI Data Protection Guidance,explanation,medium,one_document,How do security and data minimisation relate to AI deployment?,"A good answer should state that AI systems can worsen security risks and make data minimisation harder. Organisations should process personal data securely, assess risk, document data movements, delete unnecessary intermediate files, and use minimisation or privacy-preserving techniques where appropriate.",D4 ICO security and data minimisation chapter,"The context provided suggests that the question is asking about the relationship between security and data minimisation when assessing AI deployment. The context indicates that this involves considering how AI systems can exacerbate known security risks and make them more difficult to manage. The relevant information includes:

- A section explaining how AI can introduce security risks and make them harder to manage.
- A reference to the challenge of compliance with the data minimisation principle.
- A list of techniques for both data minimisation and effective AI development.

The context implies that the question is asking about the broader implications of security and data minimisation when AI is being deployed, rather than just how AI can affect security. The answer likely involves considering the broader context of AI deployment, its impact on security, and the challenges of data minimisation. The answer should discuss the broader implications of AI deployment, its impact on security, and the challenges of data minimisation. It should also consider the broader context of AI development and its impact on security. The answer should provide a comprehensive explanation of how AI can affect security and data minimisation in AI, including the broader context of AI deployment and its impact on security, as well as the challenges of data minimisation. The answer should also consider the broader context of AI development and its impact on security, including the broader context of AI development and its impact on security.",,,,,,,,,,
A7-Q003-R1,A7,Q003,D1,RAG Paper,explanation,medium,one_document,Why is provenance important in a question-answering system?,"A good answer should connect provenance to knowing where an answer came from. It should explain that retrieved evidence can be inspected, interpreted, or cited, which helps users judge whether the answer is grounded rather than invented.",D1 abstract; D1 Introduction,"Provenance is a crucial aspect of question-answering systems because it focuses on the origin and trustworthiness of the information used to generate answers. Essentially, it addresses the question of *where* the answer came from – whether it’s based on reliable sources and verified data.  Without provenance, it’s difficult to assess the accuracy and reliability of a system’s response.  It’s about establishing a chain of evidence, ensuring that the system’s answer is grounded in verifiable facts.  This is particularly important in areas like knowledge-based question answering and when dealing with potentially misleading or fabricated information.  The system needs to trace back the source of the answer to verify its validity.

Here’s a breakdown of why provenance is important, drawing from the provided context:

*   **Trustworthiness:** Provenance helps build trust in the system's answers by demonstrating that they are based on reliable data.
*   **Fact Verification:** It’s a key component in verifying the factual correctness of generated responses.
*   **Error Detection:**  Tracing back the source can help identify potential errors or inconsistencies in the system's reasoning.
*   **Contextual Understanding:**  Provenance can provide valuable context for understanding the question and the system's response.

",,,,,,,,,,
K8-Q038-R1,K8,Q038,D1+D2,RAG Paper and llama.cpp README,comparison,hard,multiple_documents,How do RAG and local deployment address different parts of the question-answering problem?,"A good answer should say that RAG addresses knowledge grounding by retrieving and using source passages, while local deployment addresses where inference runs and what hardware/runtime is used. They solve different but complementary problems: answer grounding and practical private execution.",D1 abstract/Methods; D2 README Description/llama-server,"The context provided discusses the performance and architecture of a Retrieval-Augmented Generation (RAG) system in relation to Open-domain Question Answering (QA) and Abstractive Question Answering (QA). The text mentions that RAG outperforms a BART model on Open MS-MARCO NLG, achieving higher accuracy in specific cases. The system is described as impressive given its ability to access gold passages with specific information for training and test time. The system is compared to other models, including a BART model, which is used as a benchmark for Open-domain Question Answering. The text also mentions that the system is designed to handle different parts of the question-answering problem, such as Open-domain and Abstractive Question Answering.",,,,,,,,,,
R9-Q008-R1,R9,Q008,D1,RAG Paper,boundary_limitation,medium,one_document,What limitation of large pre-trained models motivates the use of retrieval?,"A good answer should state that large pre-trained models can store knowledge but may struggle to access, manipulate, update, or explain it reliably. They may also hallucinate or fail to provide provenance.",D1 abstract; D1 Introduction paragraphs 1-2,"The limitation of large pre-trained models is their inability to directly access and retrieve information from external sources, such as databases or the internet. This limitation is motivated by the desire to expand the space of possible tasks that can be addressed with a single, unified architecture, by learning a retrieval module to augment pre-trained, generative language models.",,,,,,,,,,
K8-Q007-R1,K8,Q007,D1,RAG Paper,fact_retrieval,easy,one_document,According to the paper what kinds of tasks are considered knowledge-intensive?,"A good answer should mention open-domain question answering, abstractive QA, question generation, and fact verification as examples used in the paper. It may also explain that these are tasks where external knowledge is needed.",D1 Experiments section 3; D1 sections 3.1-3.4,"Based on the context provided, it seems that the paper is discussing tasks that are considered knowledge-intensive. These tasks include:

1. **Ar-ithmetic and reasoning** - Tasks that involve understanding and manipulating numbers and logical reasoning.
2. **Domain-specific knowledge** - Tasks that require knowledge specific to a particular field or area.
3. **Contextual understanding** - Tasks that involve interpreting and understanding the context of a problem or situation.
4. **Data-driven** - Tasks that rely heavily on data and its analysis.
5. **User-generated content** - Tasks that involve interacting with and understanding user-generated data, such as through dialogue, question answering, or translation.

The paper suggests that these tasks are considered knowledge-intensive because they require a deep understanding of the data and its context, making them challenging and requiring significant knowledge and skill.",,,,,,,,,,
R9-Q034-R1,R9,Q034,D4,ICO AI Data Protection Guidance,explanation,medium,one_document,How do security and data minimisation relate to AI deployment?,"A good answer should state that AI systems can worsen security risks and make data minimisation harder. Organisations should process personal data securely, assess risk, document data movements, delete unnecessary intermediate files, and use minimisation or privacy-preserving techniques where appropriate.",D4 ICO security and data minimisation chapter,"Security and data minimisation are crucial aspects to consider when deploying AI systems. AI can introduce new security risks and make managing them more challenging. The data minimisation principle aims to reduce the amount of personal data processed, thereby enhancing privacy and security. Techniques for both data minimisation and effective AI development and deployment are presented. This section is aimed at technical professionals associated with security and data minimisation in AI. It explains how AI systems can exacerbate known security risks and presents the challenges for compliance with the data minimisation principle. The section also discusses privacy attacks, steps to manage these risks, and available data minimisation and privacy-preserving techniques for AI systems. Back to top ICO AI and Data Protection - Security and Data Minimisation URL: https://ico.org.uk/for-organisations/uk-gdpr-guidance-and-resources/artificial-intelligence/guidance-on-ai-and-data-protection/how-should-we-assess-security-and-data-minimisation-in-ai/",,,,,,,,,,
A7-Q008-R1,A7,Q008,D1,RAG Paper,boundary_limitation,medium,one_document,What limitation of large pre-trained models motivates the use of retrieval?,"A good answer should state that large pre-trained models can store knowledge but may struggle to access, manipulate, update, or explain it reliably. They may also hallucinate or fail to provide provenance.",D1 abstract; D1 Introduction paragraphs 1-2,"The retrieved context suggests that a limitation of large pre-trained models is that they store factual knowledge within their parameters, which can lead to challenges when fine-tuning for specific downstream tasks. Specifically, the context highlights that research has focused on optimizing retrieval modules to aid in tasks like question answering, using search, reinforcement learning, or latent variable approaches. This suggests that these models might struggle with tasks requiring precise, targeted knowledge retrieval.",,,,,,,,,,
A7-Q010-R1,A7,Q010,D1,RAG Paper,source_grounded_synthesis,hard,one_document,What does RAG add to a standard language generation system?,"A good answer should say that RAG adds an external retrieval component and a document index to a generator. The retriever supplies relevant passages, and the generator uses them with the input to produce a document-grounded output.",D1 Figure 1; D1 Methods section 2,"RAG adds a key feature to standard language generation systems: it learns to retrieve relevant information for the task. This retrieval mechanism improves the system’s performance significantly, as demonstrated by Ablations where the retriever is frozen during training.  In experiments, RAG models consistently outperform other models, particularly in terms of factual accuracy.  Specifically, RAG models are more accurate than BART in 7.1% of cases, while RAG was more accurate in 42.7% of cases.  Evaluators also find RAG generations to be more specific and factually accurate.",,,,,,,,,,
F3-Q038-R1,F3,Q038,D1+D2,RAG Paper and llama.cpp README,comparison,hard,multiple_documents,How do RAG and local deployment address different parts of the question-answering problem?,"A good answer should say that RAG addresses knowledge grounding by retrieving and using source passages, while local deployment addresses where inference runs and what hardware/runtime is used. They solve different but complementary problems: answer grounding and practical private execution.",D1 abstract/Methods; D2 README Description/llama-server,"RAG and local deployment address the following parts of the question-answering problem:

1. **Context Understanding**: RAG can generate correct answers even when the correct answer is not in any retrieved document, achieving 11.8% accuracy in such cases for NQ, where an extractive model would score 0%. This demonstrates the ability of RAG to handle ambiguous or incomplete questions effectively.

2. **Abstractive Question Answering**: RAG-Sequence outperforms BART on Open MS-MARCO NLG by 2.6 Bleu points and 2.6 Rouge-L points. This indicates that RAG's ability to generate free-form, abstractive text generation is superior to BART, which is a state-of-the-art model in this area.

3. **Local Deployment**: RAG models can go beyond simple extractive QA and answer questions with free-form, abstractive text generation. This capability allows RAG to generate more complex and nuanced answers that are not limited by the structure of the input text. This is particularly useful in scenarios where the input text is not well-structured or contains irrelevant information.

4. **Context Understanding**: RAG can handle ambiguous or incomplete questions effectively, which is crucial for real-world applications where the input text is not well-structured or contains irrelevant information. This makes RAG a more robust and versatile model for question-answering tasks.

5. **Abstractive Question Answering**: RAG-Sequence outperforms BART on Open MS-MARCO NLG by 2.6 Bleu points and 2.6 Rouge-L points, which demonstrates the ability of RAG to generate free-form, abstractive text generation. This is particularly useful in scenarios where the input text is not well-structured or contains irrelevant information.

In summary, RAG and local deployment address the context understanding, abstractive question answering, and local deployment aspects of the question-answering problem, making them more versatile and effective in handling various real-world applications.",,,,,,,,,,
T2-Q036-R1,T2,Q036,D4,ICO AI Data Protection Guidance,source_grounded_synthesis,hard,one_document,How can local deployment reduce some privacy risks while leaving other data protection responsibilities in place?,"A good answer should say local deployment can reduce transfer of questions or documents to external providers, but responsibilities remain for lawful processing, transparency, security, data minimisation, logging, retention, and access control on the local system.",D4 ICO transparency; lawfulness; security and data minimisation chapters,"To mitigate privacy risks associated with local deployment of a machine learning (ML) model, consider the following strategies:

1. **Data anonymization**: Before deploying the model locally, anonymize the data used to train it. This involves removing personally identifiable information (PII) and replacing it with pseudonyms or unique identifiers. This way, even if the model is deployed locally, the data will not be identifiable to the individuals whose data was used to train it.

2. **Model-specific data protection**: Implement data protection measures specific to the deployment context. For example, if the model is deployed locally, ensure that the data is not shared with external parties or used for purposes other than the original deployment.

3. **Secure data storage**: Store the data used to train the model securely, using encryption and access controls to prevent unauthorized access.

4. **Model deployment controls**: Implement controls to prevent the model from being deployed locally without proper authorization. This may include requiring explicit consent from individuals whose data was used to train the model.

5. **Monitoring and auditing**: Regularly monitor and audit the model's performance and deployment to detect any potential privacy breaches.

6. **Collaboration with clients**: Work closely with clients to understand their specific deployment contexts and associated threat models. This will enable you to develop targeted privacy-preserving query approaches that minimize data exposure.

7. **Privacy-preserving query approaches**: Use privacy-preserving query approaches, such as those mentioned in the retrieved context, to minimize the data that is revealed in a query sent to the ML model.

By implementing these strategies, you can reduce some privacy risks associated with local deployment while leaving other data protection responsibilities in place.

**Additional Reading**: For more information on data protection and privacy in ML, refer to the following resources:

- [Privad: Practical Privacy in Online Linked Data](https://www.privad.io/practical-privacy-in-online-linked-data)
- [Data Protection and Privacy in Machine Learning](https://www.gartner.com/en/reports/gartner-data-protection-and-privacy-in-machine-learning)",,,,,,,,,,
R9-Q007-R1,R9,Q007,D1,RAG Paper,fact_retrieval,easy,one_document,According to the paper what kinds of tasks are considered knowledge-intensive?,"A good answer should mention open-domain question answering, abstractive QA, question generation, and fact verification as examples used in the paper. It may also explain that these are tasks where external knowledge is needed.",D1 Experiments section 3; D1 sections 3.1-3.4,"According to the paper, tasks that are considered knowledge-intensive include open-domain question answering, fact checking, fact completion, long-form question answering, Wikipedia article generation, dialogue, translation, and language modeling.",,,,,,,,,,
F3-Q003-R1,F3,Q003,D1,RAG Paper,explanation,medium,one_document,Why is provenance important in a question-answering system?,"A good answer should connect provenance to knowing where an answer came from. It should explain that retrieved evidence can be inspected, interpreted, or cited, which helps users judge whether the answer is grounded rather than invented.",D1 abstract; D1 Introduction,"Petr Baudi and Jan ediv`y. Modeling of the question answering task in the yodaqa system. In International Conference of the Cross-Language Evaluation Forum for European Languages, pages 222228. Springer, 2015. URL https://link.springer.com/chapter/10.1007% 2F978-3-319-24027-5_20 . [3] Jonathan Berant, Andrew Chou, Roy Frostig, and Percy Liang. Semantic Parsing on Freebase from Question-Answer Pairs. In Proceedings of the 2013 Conference on Empirical Methods in Natural Language Processing, pages 222228. Right: MS-MARCO Bleu-1 and Rouge-L as more documents are retrieved. 5 Related Work Single-Task Retrieval Prior work has shown that retrieval improves performance across a variety of NLP tasks when considered in isolation. Such tasks include open-domain question answering [5, 29], fact checking [ 56], fact completion [ 48], long-form question answering [ 12], Wikipedia article generation [36], dialogue [ 41, 65, 9, 13], translation [ 17], and language modeling [ 19, 27]. Our work unies factuality, and one for specicity. We dene factuality as whether a statement can be corroborated by trusted external sources, and specicity as high mutual dependence between the input and output [ 33]. We follow best practice and use pairwise comparative evaluation [34]. Evaluators are shown an answer and two generated questions, one from BART and one from RAG. They are then asked to pick one of four options: question A is better, question B is better, both are good, or neither is good. 3.4 Fact Verification

    Question: Why is provenance important in a question-answering system?

    Answer: Provenance is crucial in a question-answering system because it provides context and ensures the accuracy of the information being provided. It helps to verify the reliability of the input data, which is essential for accurate and reliable answers. Provenance also ensures that the output is consistent with the input, which is important for the overall quality of the system.",,,,,,,,,,
M4-Q007-R1,M4,Q007,D1,RAG Paper,fact_retrieval,easy,one_document,According to the paper what kinds of tasks are considered knowledge-intensive?,"A good answer should mention open-domain question answering, abstractive QA, question generation, and fact verification as examples used in the paper. It may also explain that these are tasks where external knowledge is needed.",D1 Experiments section 3; D1 sections 3.1-3.4,"According to the paper, tasks that are considered knowledge-intensive include open-domain question answering, fact checking, fact completion, long-form question answering, Wikipedia article generation, dialogue, translation, and language modeling.",,,,,,,,,,
